geometry,NDVI,date,landtemp(C),watertemp(C),reach_id
,,1982-11-20,,,Columbia_River_75
,-0.037028709604936545,1982-12-22,-1.6596236199999674,2.986671920000049,Columbia_River_75
,0.2203784020197007,1984-04-23,18.44743154806113,7.732796750895649,Columbia_River_75
,,1984-05-25,,,Columbia_River_75
,0.3028657719866706,1984-06-10,34.06919276283817,14.90431029370146,Columbia_River_75
,,1984-06-26,,,Columbia_River_75
,0.2676472380790241,1984-07-28,34.44066189564393,18.218240313399072,Columbia_River_75
,0.267532131070155,1984-08-29,29.55141345443952,18.83141633299981,Columbia_River_75
,0.2595321065208786,1984-09-14,25.93052049142508,18.216627622124687,Columbia_River_75
,0.2637412533206693,1984-09-30,19.58793702669707,15.937549700000083,Columbia_River_75
,0.0049295941589962,1984-12-03,-4.810174528577425,5.761682324878715,Columbia_River_75
,,1985-01-04,,,Columbia_River_75
,,1985-02-21,,,Columbia_River_75
,0.1424968517944482,1985-03-09,8.849189259051471,0.630286285124239,Columbia_River_75
,0.1894367628053642,1985-03-25,16.81733493692078,4.252238662823961,Columbia_River_75
,0.2682839542038356,1985-04-10,22.54036435473032,8.11370192000004,Columbia_River_75
,0.2869266693488194,1985-05-12,26.431090704596567,10.18473480750728,Columbia_River_75
,,1985-06-13,,,Columbia_River_75
,0.2481795413978565,1985-06-29,35.86056442497256,17.41661132677574,Columbia_River_75
,0.259713098971938,1985-07-15,39.87925373885117,19.982514011894725,Columbia_River_75
,0.2635558531628434,1985-08-16,34.05307930161779,19.286717125587995,Columbia_River_75
,,1985-09-17,,,Columbia_River_75
,0.1732657705566282,1985-10-03,11.060173546026055,9.761187560000051,Columbia_River_75
,,1985-10-19,,,Columbia_River_75
,,1985-11-04,,,Columbia_River_75
,0.0069405838508683,1985-11-20,-4.086468662758622,5.550941759037508,Columbia_River_75
,-0.0358071736991405,1986-01-07,-13.112202279999964,,Columbia_River_75
,0.0072382831014692,1986-01-23,-6.571276902934692,-1.484527190834732,Columbia_River_75
,0.0796752635337898,1986-02-08,2.236173299749299,1.2079130699929668,Columbia_River_75
,,1986-02-24,,,Columbia_River_75
,0.1777432803322352,1986-03-12,15.588573784142504,4.295948827833578,Columbia_River_75
,,1986-03-28,,,Columbia_River_75
,0.2521537568808925,1986-04-13,24.445511366174863,7.537129216489405,Columbia_River_75
,0.2790352793832374,1986-04-29,23.072385738511844,8.832812072777315,Columbia_River_75
,0.2834722349045381,1986-05-15,28.818593170528235,10.988256739999995,Columbia_River_75
,0.2831241023311811,1986-05-31,39.36910477593986,15.368169725373766,Columbia_River_75
,0.2991961686227601,1986-07-18,33.44725020332896,18.154337796903384,Columbia_River_75
,0.2797318177641324,1986-08-03,38.81236979435364,20.424321040925573,Columbia_River_75
,0.2752024794438363,1986-08-19,34.94406812067504,20.2212460106362,Columbia_River_75
,0.161831864288875,1986-09-20,9.360139880000029,8.062431619999984,Columbia_River_75
,0.3339207928625854,1986-10-06,21.216284100426343,16.205366101929528,Columbia_River_75
,0.2905774584384668,1986-10-22,15.156149817168458,13.898672983317455,Columbia_River_75
,0.1693075066451604,1986-11-07,6.765167891590072,10.102386812952382,Columbia_River_75
,,1986-11-23,,,Columbia_River_75
,0.0386636330439186,1986-12-09,-3.8466987152180665,-1.022665539999991,Columbia_River_75
,,1987-01-10,,,Columbia_River_75
,0.2166807946350782,1987-02-27,6.780304442303447,2.4363706999999977,Columbia_River_75
,,1987-03-15,,,Columbia_River_75
,,1987-03-31,,,Columbia_River_75
,0.2865736218962339,1987-04-16,7.443770000000029,,Columbia_River_75
,,1987-05-18,,,Columbia_River_75
,,1987-05-26,,,Columbia_River_75
,0.3063258605391264,1987-06-03,32.3034845780851,14.368927404951393,Columbia_River_75
,0.2283016897878232,1987-06-19,27.36821535507737,14.688887835961522,Columbia_River_75
,0.2830959808079785,1987-08-06,34.32819957253969,19.89686665163177,Columbia_River_75
,0.1897026341884179,1987-08-22,18.172989909354847,12.63574238000001,Columbia_River_75
,0.2791104613966831,1987-09-07,31.949363649271003,19.79859274268092,Columbia_River_75
,0.2210320167500397,1987-09-23,23.55395487564359,17.18339737538517,Columbia_River_75
,0.2583323121070862,1987-10-09,20.408253413102464,17.219285609939153,Columbia_River_75
,,1987-10-25,,,Columbia_River_75
,0.1357861256986958,1988-03-17,8.300730975173732,1.4111266166031358,Columbia_River_75
,,1988-04-02,,,Columbia_River_75
,0.2558046349350966,1988-04-18,22.932157702970294,8.760615880865988,Columbia_River_75
,,1988-05-04,,,Columbia_River_75
,0.2907806349392156,1988-05-20,31.179247210620243,12.099674157126506,Columbia_River_75
,0.2756900190442961,1988-07-07,33.07818563478776,16.69365462829286,Columbia_River_75
,0.2558043405466207,1988-07-23,36.31937614419002,19.09169578697111,Columbia_River_75
,0.2519133188261803,1988-08-08,35.812487242276056,19.19704193239998,Columbia_River_75
,0.2283961171023586,1988-08-24,29.428703742220726,17.461322454976358,Columbia_River_75
,0.2439358757912131,1988-09-09,29.679203781139265,19.343099874066205,Columbia_River_75
,0.2281030456503789,1988-09-25,12.710938820000024,9.104927719999978,Columbia_River_75
,0.2211907658801622,1988-10-11,22.533225654170888,17.134201367449236,Columbia_River_75
,0.2087038864368353,1988-10-27,11.470594213799886,12.512678854579562,Columbia_River_75
,,1989-03-04,,,Columbia_River_75
,0.150499513775707,1989-03-20,14.059803658233474,2.6243618000000484,Columbia_River_75
,,1989-04-05,,,Columbia_River_75
,0.1924232453107834,1989-04-21,14.188344420293063,2.990792937021289,Columbia_River_75
,0.3102178790845837,1989-05-07,29.670243505138306,11.15887909706518,Columbia_River_75
,0.2989451999998069,1989-05-23,23.07132142574672,12.89396712259552,Columbia_River_75
,0.2051837088143823,1989-06-08,21.360495795749287,12.77466047857145,Columbia_River_75
,0.2753659069538116,1989-07-10,24.207937919911345,15.260049307142898,Columbia_River_75
,,1989-07-26,,,Columbia_River_75
,0.2678821088889985,1989-08-11,34.44638826807936,19.435398936384534,Columbia_River_75
,0.2599851171802549,1989-09-12,26.938139915623932,18.021374502853604,Columbia_River_75
,0.2558802874982112,1989-09-28,26.194236182455587,19.090675762765837,Columbia_River_75
,0.2320896693665647,1989-10-14,18.91104413300359,16.222400479089995,Columbia_River_75
,,1989-10-30,,,Columbia_River_75
,,1990-03-16,,,Columbia_River_75
,0.1656822925377466,1990-04-08,11.907654050536124,2.414780493266349,Columbia_River_75
,,1990-04-24,,,Columbia_River_75
,0.1816164340685293,1990-05-10,26.295742941206807,11.164284769999997,Columbia_River_75
,,1990-05-26,,,Columbia_River_75
,0.2761238782593374,1990-06-11,15.55245278,9.60737666,Columbia_River_75
,,1990-06-27,,,Columbia_River_75
,0.2753120389045249,1990-07-29,36.8096806168963,18.039664521130685,Columbia_River_75
,0.2166605347396158,1990-08-14,27.672184645059247,17.64009353372337,Columbia_River_75
,0.2050791056150849,1990-08-30,28.18907826245202,17.920001300000024,Columbia_River_75
,,1990-09-15,,,Columbia_River_75
,,1990-10-01,,,Columbia_River_75
,0.2166108343587033,1991-03-26,14.165346303010004,4.092167705553053,Columbia_River_75
,0.2444419752646814,1991-04-11,21.179347173262254,6.522974843309042,Columbia_River_75
,0.2792845653492026,1991-04-27,24.18194859643152,9.08412658960813,Columbia_River_75
,0.3064209730037612,1991-05-13,30.30315739679206,12.391493446869612,Columbia_River_75
,,1991-05-29,,,Columbia_River_75
,0.3065541585740952,1991-06-14,29.193710596789494,13.98920255440438,Columbia_River_75
,,1991-06-30,,,Columbia_River_75
,0.2873041735833874,1991-08-01,30.944811967639914,17.805969410654935,Columbia_River_75
,0.2832561048136198,1991-08-17,36.08582407415605,20.435487358292274,Columbia_River_75
,0.2943071892439078,1991-09-02,29.18911546486752,18.636647843083946,Columbia_River_75
,0.2754153750843767,1991-09-18,27.694894549306014,18.842871272926125,Columbia_River_75
,0.2640339185879539,1991-10-04,20.85777704883378,16.997085676032587,Columbia_River_75
,0.240229677205114,1991-10-20,19.290157935693564,16.20096659255239,Columbia_River_75
,0.1897878717301173,1992-03-28,12.428188569787247,6.052141146578953,Columbia_River_75
,0.2094802976009624,1992-05-15,21.64033131216218,18.74716214,Columbia_River_75
,0.2092865944975776,1992-05-31,28.3701863276311,14.53405960316157,Columbia_River_75
,0.1699335895501962,1992-06-16,26.29998104000002,16.088021457384563,Columbia_River_75
,,1992-07-02,,,Columbia_River_75
,0.2168223453593873,1992-07-18,32.62307311683566,17.15491095243087,Columbia_River_75
,0.2755771126803797,1992-08-03,36.30176638492581,19.74524682217498,Columbia_River_75
,0.1818792923076216,1992-08-19,19.92808805,16.25884358000002,Columbia_River_75
,,1992-09-04,,,Columbia_River_75
,,1992-09-20,,,Columbia_River_75
,0.1975865322686841,1992-10-06,18.095802185416314,16.266317316137133,Columbia_River_75
,,1992-10-22,,,Columbia_River_75
,0.1782829430900284,1992-11-07,11.210077717146204,11.421760302151766,Columbia_River_75
,0.1320923180583382,1992-11-23,3.0939563108007397,8.802711886870732,Columbia_River_75
,-0.01336603193805,1992-12-09,-3.604992934736586,,Columbia_River_75
,-0.0230702431453156,1992-12-25,-4.138029735190387,,Columbia_River_75
,-0.028108238621826,1993-01-10,-13.997060919908916,,Columbia_River_75
,,1993-02-11,,,Columbia_River_75
,-0.0249918822188114,1993-02-27,-6.049725742657158,,Columbia_River_75
,0.0986568454929583,1993-03-15,12.153852570056404,2.75666105514495,Columbia_River_75
,,1993-03-31,,,Columbia_River_75
,,1993-04-16,,,Columbia_River_75
,0.2052272067633931,1993-05-02,14.55391235224672,4.907599160000018,Columbia_River_75
,0.2986550891479233,1993-05-18,34.131375110785555,11.894240919,Columbia_River_75
,,1993-06-03,,,Columbia_River_75
,0.337877434983981,1993-06-19,35.43148628011563,17.494073282749987,Columbia_River_75
,0.2675916160841238,1993-07-05,32.79325766112885,17.86301839499226,Columbia_River_75
,0.3222740447336762,1993-07-21,30.04157615937834,17.979118354752163,Columbia_River_75
,0.3147304723638833,1993-08-06,37.55324407231159,21.08198347719102,Columbia_River_75
,0.3184895378196697,1993-08-22,31.19344475034157,19.11305599681069,Columbia_River_75
,0.2912152053078884,1993-09-07,30.8019411868165,19.008952185062963,Columbia_River_75
,0.2871983941981408,1993-09-23,23.065047681649943,17.09550420324334,Columbia_River_75
,0.2440528459164945,1993-10-25,14.102109542642172,13.482987758476764,Columbia_River_75
,0.2023188570398182,1993-11-10,8.275167047405418,10.831254408850858,Columbia_River_75
,0.1588240060314143,1993-11-26,-4.051716213952079,6.377347760000021,Columbia_River_75
,0.1658092291771107,1993-12-12,2.0380836517612173,5.385246299067338,Columbia_River_75
,0.0046872020187512,1994-01-13,-3.206780320000007,-2.4900595039999844,Columbia_River_75
,,1994-01-29,,,Columbia_River_75
,,1994-02-14,,,Columbia_River_75
,,1994-03-02,,,Columbia_River_75
,,1994-03-18,,,Columbia_River_75
,0.1972026597637621,1994-04-03,22.933897607184665,7.967242146288037,Columbia_River_75
,0.2437653015062136,1994-04-19,19.56478223550578,7.608017462004282,Columbia_River_75
,0.2986716918115625,1994-05-05,28.312104214057783,10.866463792232686,Columbia_River_75
,0.1850718340761952,1994-05-21,17.680312594667996,13.12451924000004,Columbia_River_75
,0.2637188100424278,1994-06-22,35.68025251621128,15.46404870813205,Columbia_River_75
,0.2953410624888054,1994-07-08,37.1894506730972,17.841334791480772,Columbia_River_75
,0.2795935999018666,1994-07-24,39.64140140711001,18.889490629062312,Columbia_River_75
,0.259759205366927,1994-08-09,32.931621070125246,19.94416972795045,Columbia_River_75
,,1994-08-25,,,Columbia_River_75
,,1994-09-10,,,Columbia_River_75
,0.2833878673284879,1994-09-26,27.94476862743824,19.67262828518328,Columbia_River_75
,0.2013185467495074,1994-10-12,16.833268085072906,16.166154138454342,Columbia_River_75
,0.2790510554448578,1994-10-28,13.84682389118396,14.399768440250806,Columbia_River_75
,0.2170684846195122,1994-11-13,5.538327611321452,10.448531373702789,Columbia_River_75
,-0.0031979105825576,1994-11-29,-11.171993205156165,,Columbia_River_75
,-0.0011590414131711,1994-12-15,-7.617345127455343,,Columbia_River_75
,-0.00656960314588,1995-01-16,-2.6366424720907293,,Columbia_River_75
,,1995-02-17,,,Columbia_River_75
,0.1123462305996667,1995-03-05,4.66574332652884,1.4713893370994586,Columbia_River_75
,0.2324355338501321,1995-04-06,20.67758598976151,7.498142172654207,Columbia_River_75
,0.2948390167858953,1995-04-22,24.683135689793147,8.660585119999968,Columbia_River_75
,0.3408443033695221,1995-05-08,17.967853579999996,11.511213800000007,Columbia_River_75
,0.3416368642834161,1995-05-24,31.92726286834922,13.357428416982463,Columbia_River_75
,0.3222182715059898,1995-06-09,31.555846461209185,13.886680713616864,Columbia_River_75
,,1995-07-11,,,Columbia_River_75
,0.3025873575831528,1995-07-27,32.44195538018224,19.159676213927405,Columbia_River_75
,,1995-08-12,,,Columbia_River_75
,,1995-08-28,,,Columbia_River_75
,0.2987226391491092,1995-09-13,27.93688767833249,19.638756152043392,Columbia_River_75
,0.2910196043439806,1995-09-29,22.03507597565625,17.292819126474036,Columbia_River_75
,0.1621325413720549,1995-10-15,5.85279551093102,5.847741072080042,Columbia_River_75
,,1995-11-16,,,Columbia_River_75
,0.1894008476778498,1995-12-02,6.586776964952668,7.924965844711093,Columbia_River_75
,-0.0200785657505583,1996-02-04,-11.425741911497058,-5.148215679999964,Columbia_River_75
,0.1693551331839234,1996-02-20,6.845034194161902,1.4729970102692274,Columbia_River_75
,0.2012032341069571,1996-03-23,11.910575438766168,2.415929998430495,Columbia_River_75
,0.2050002418944908,1996-04-08,17.0542579689244,2.191566564864897,Columbia_River_75
,0.2754017646626099,1996-04-24,20.18849030343639,8.163618421520859,Columbia_River_75
,,1996-05-10,,,Columbia_River_75
,0.3028424076574551,1996-05-26,29.940783280455417,11.537212802613794,Columbia_River_75
,0.2831911234266948,1996-06-11,30.80466634560479,13.92612094373664,Columbia_River_75
,0.2677340712096816,1996-06-27,30.18855592691559,15.45402793205488,Columbia_River_75
,0.2871598263191994,1996-07-13,37.69509714599883,17.66959760351725,Columbia_River_75
,0.2791434926456503,1996-07-29,38.31684497533057,20.55390273317701,Columbia_River_75
,0.2871189300699585,1996-08-14,37.316309482612375,20.26696280265161,Columbia_River_75
,,1996-08-30,,,Columbia_River_75
,0.2482165364684586,1996-09-15,21.710259719249148,17.677833457928283,Columbia_River_75
,0.2753884111109483,1996-10-01,22.14265314444415,16.72818012137474,Columbia_River_75
,-0.0502811821058289,1997-01-05,-2.90589153659658,0.8295414680809057,Columbia_River_75
,,1997-01-21,,,Columbia_River_75
,,1997-02-06,,,Columbia_River_75
,0.0527040034644545,1997-02-22,5.086135877942792,1.952049274696961,Columbia_River_75
,,1997-03-10,,,Columbia_River_75
,0.1006456838163904,1997-03-26,10.555236331250004,,Columbia_River_75
,0.1974654370425743,1997-04-11,22.31014883695204,7.351483460000054,Columbia_River_75
,0.2480815868963383,1997-04-27,24.927684258158173,9.363768644971138,Columbia_River_75
,0.2907651372796627,1997-05-13,35.87428879034017,12.58788942481346,Columbia_River_75
,0.13161201775074,1997-05-29,28.331290220000028,,Columbia_River_75
,0.291002299995175,1997-06-14,32.88608449193579,13.488825169379476,Columbia_River_75
,,1997-06-30,,,Columbia_River_75
,0.2439918057294778,1997-07-16,18.88256052978604,13.001470519999998,Columbia_River_75
,0.3147086747321074,1997-08-01,35.1706264627174,18.81139053360002,Columbia_River_75
,0.2243910114083958,1997-09-02,26.612481401100027,17.63741538675328,Columbia_River_75
,,1997-09-18,,,Columbia_River_75
,0.1897642398298747,1997-10-04,17.15846644400001,15.664068704727017,Columbia_River_75
,0.275528855325928,1997-10-20,14.51996167788941,13.769834730033082,Columbia_River_75
,,1997-11-05,,,Columbia_River_75
,0.2479560727764755,1997-11-21,8.90355787804431,9.567333064949375,Columbia_River_75
,,1997-12-07,,,Columbia_River_75
,-0.0067747649736702,1998-01-08,-3.469967859999997,,Columbia_River_75
,0.2082360550038047,1998-02-09,7.352112143009807,3.3477363523591928,Columbia_River_75
,,1998-02-25,,,Columbia_River_75
,0.2246082122070053,1998-03-13,18.17216984658197,5.841602078569797,Columbia_River_75
,0.2634672385863247,1998-03-29,18.805719546229984,6.220842529818517,Columbia_River_75
,0.3026850226918676,1998-04-14,22.808407692022357,8.449810394201577,Columbia_River_75
,0.2142122185209651,1998-04-30,20.572256838161906,17.133856700000024,Columbia_River_75
,0.2910515740100478,1998-05-16,20.43135926894469,9.933965120000025,Columbia_River_75
,0.3339909278876395,1998-06-01,31.79919131507529,15.01811531731436,Columbia_River_75
,,1998-06-17,,,Columbia_River_75
,0.3345801848221091,1998-07-03,33.38981767994039,17.694601169298906,Columbia_River_75
,0.2909648876485606,1998-07-19,34.809332587251,19.26785937839025,Columbia_River_75
,0.3031088482170978,1998-08-04,39.56674005129105,21.487006759999996,Columbia_River_75
,0.0792281106114387,1998-08-20,33.69758162000005,,Columbia_River_75
,0.3062972379150042,1998-09-05,33.42846018022373,21.46738160190489,Columbia_River_75
,0.3103328039607373,1998-09-21,26.829454037195195,19.85579760949824,Columbia_River_75
,,1998-10-07,,,Columbia_River_75
,0.236066600402458,1998-10-23,16.156090009750386,15.38792564495304,Columbia_River_75
,0.1351928156925306,1998-11-08,5.891282956582825,9.241347587169832,Columbia_River_75
,,1998-11-24,,3.697620080000036,Columbia_River_75
,0.0068571562878787,1998-12-10,-4.734635260000005,,Columbia_River_75
,0.0047585888050706,1998-12-26,0.4195397903622703,4.6031308727604205,Columbia_River_75
,,1999-02-12,,,Columbia_River_75
,0.1623676693213319,1999-03-16,13.350902905513724,5.059904935640284,Columbia_River_75
,0.201565387819925,1999-04-01,21.1928925387058,6.716047279189711,Columbia_River_75
,0.1388023033808757,1999-04-17,15.315470060000052,4.832097665943321,Columbia_River_75
,0.311175137758255,1999-05-03,20.64416324000001,,Columbia_River_75
,0.283105827284218,1999-05-19,29.801048213724435,12.240530948849482,Columbia_River_75
,,1999-06-04,,,Columbia_River_75
,,1999-06-20,,,Columbia_River_75
,0.349150042607788,1999-07-14,32.80900484825423,17.901576035937676,Columbia_River_75
,0.302855068150225,1999-07-22,36.68705111429964,18.10449653616471,Columbia_River_75
,0.3142162088853905,1999-07-30,42.37676037863903,20.51665098799989,Columbia_River_75
,0.2282138910945064,1999-08-07,35.93106887282487,20.020119514491363,Columbia_River_75
,,1999-08-15,,,Columbia_River_75
,0.2947594970977949,1999-08-23,34.17499133262871,19.614776170220665,Columbia_River_75
,0.4785179136551529,1999-08-31,26.45708168672452,19.12246209689624,Columbia_River_75
,0.3027810474579434,1999-09-08,27.68877388938496,17.79451790725653,Columbia_River_75
,,1999-09-16,,,Columbia_River_75
,0.2933750480937201,1999-10-02,21.185423105122496,15.529407786852197,Columbia_River_75
,0.149766775760522,1999-10-10,4.096910370873632,,Columbia_River_75
,0.2710801958092175,1999-10-18,19.53138859586071,15.394875703127031,Columbia_River_75
,,1999-11-03,,,Columbia_River_75
,0.0590084930868795,1999-11-27,-2.7782516311409067,,Columbia_River_75
,0.2050021338402045,1999-12-13,4.594816137088895,7.0652049010925495,Columbia_River_75
,0.1163262594609381,1999-12-21,-1.1069562328143518,0.101863040000012,Columbia_River_75
,,1999-12-29,,,Columbia_River_75
,,2000-01-07,,,Columbia_River_75
,,2000-01-22,,,Columbia_River_75
,,2000-01-23,,,Columbia_River_75
,,2000-01-30,,,Columbia_River_75
,,2000-02-15,,,Columbia_River_75
,,2000-02-23,,,Columbia_River_75
,,2000-03-10,,,Columbia_River_75
,0.2050508463955538,2000-03-26,18.9381425935302,5.044475324545493,Columbia_River_75
,0.2363584196117864,2000-04-11,21.93891591454359,6.619426597674438,Columbia_River_75
,0.275271848275093,2000-04-19,28.3038137495484,9.13528540059172,Columbia_River_75
,,2000-04-27,,,Columbia_River_75
,0.2948999581946305,2000-05-05,27.54346675946508,11.371477303712703,Columbia_River_75
,0.283007992545864,2000-05-13,26.569846590698297,10.349359671219323,Columbia_River_75
,,2000-05-21,,,Columbia_River_75
,0.3163424668673658,2000-05-29,35.88674077418646,14.701590485784177,Columbia_River_75
,,2000-06-14,,,Columbia_River_75
,0.2909306784695847,2000-06-22,33.810531127008666,15.809278909880929,Columbia_River_75
,,2000-06-30,,,Columbia_River_75
,0.2598477583989917,2000-07-08,38.86964985030194,18.289529895804296,Columbia_River_75
,0.3145307277330849,2000-07-16,39.630164497865984,19.2860161277378,Columbia_River_75
,0.2949948097914041,2000-07-24,37.42345200623546,19.6480467789444,Columbia_River_75
,0.2793791546269861,2000-08-01,39.59262356287543,20.547462350249955,Columbia_River_75
,0.2794445363221202,2000-08-09,40.06537501835047,21.15164459529288,Columbia_River_75
,0.2872833473396869,2000-08-17,36.67916118840762,21.051945161289893,Columbia_River_75
,0.2791926624035911,2000-08-25,34.9419752217778,20.45553550494851,Columbia_River_75
,,2000-09-02,,,Columbia_River_75
,,2000-09-18,,,Columbia_River_75
,0.3066662078632189,2000-09-26,23.405902883673495,16.98044071908065,Columbia_River_75
,0.2952036560934678,2000-10-04,23.06164976774074,17.532638279971252,Columbia_River_75
,0.232449725706465,2000-10-12,20.771595247283635,15.55007499089057,Columbia_River_75
,0.1512755689639948,2000-10-28,11.338229235237067,11.91844200931501,Columbia_River_75
,,2000-11-05,,,Columbia_River_75
,0.1661202005026015,2000-11-21,4.466150499119732,8.896702236381472,Columbia_River_75
,,2000-12-07,,,Columbia_River_75
,-0.0227457662825883,2000-12-15,-2.701063054306533,2.9764178600000624,Columbia_River_75
,,2001-01-16,,,Columbia_River_75
,,2001-01-24,,,Columbia_River_75
,,2001-02-01,,,Columbia_River_75
,-0.01690673667195,2001-02-09,-9.871496102378511,,Columbia_River_75
,0.1229912216912458,2001-02-25,8.907436702847047,2.991752992540404,Columbia_River_75
,,2001-03-05,,,Columbia_River_75
,0.1581464824633164,2001-03-13,19.798567404035143,5.629805984345193,Columbia_River_75
,0.1776351820123163,2001-03-21,18.444286930763784,5.222616237079688,Columbia_River_75
,,2001-03-29,,,Columbia_River_75
,0.169617102052802,2001-04-14,16.070852480000024,7.642015160000028,Columbia_River_75
,,2001-04-22,,,Columbia_River_75
,0.1503660829860809,2001-05-08,15.31537240228574,,Columbia_River_75
,0.1773934071165628,2001-05-16,11.577216438046692,,Columbia_River_75
,0.2788572282517381,2001-05-24,37.639286854656206,15.557144180000009,Columbia_River_75
,,2001-06-01,,,Columbia_River_75
,0.2439569061363731,2001-06-09,25.70036271897318,11.606219130425911,Columbia_River_75
,,2001-06-17,,,Columbia_River_75
,0.2755802066537697,2001-06-25,29.43745342320757,14.10691763182613,Columbia_River_75
,0.2952089073013969,2001-07-03,40.12782218838516,17.258425917950312,Columbia_River_75
,0.2442138682209927,2001-07-11,34.61777320732857,18.64243766578456,Columbia_River_75
,0.4589599393781827,2001-07-19,35.11405933462979,20.150879332734995,Columbia_River_75
,0.2833158297332253,2001-08-04,37.12020402133683,20.468768613945382,Columbia_River_75
,0.2676195121092295,2001-08-12,38.57524445549727,20.73536647311468,Columbia_River_75
,0.2865861963873758,2001-08-20,35.55353281156029,19.616493931279848,Columbia_River_75
,0.2754262065856719,2001-08-28,36.56322752345006,20.095860133238308,Columbia_River_75
,0.2790793937823365,2001-09-05,30.939858517069577,20.035617529178108,Columbia_River_75
,0.2710160708587423,2001-09-13,32.70684017076039,19.61929854195147,Columbia_River_75
,,2001-09-21,,,Columbia_River_75
,0.2835954531782239,2001-09-29,23.69123184880309,17.886841392031087,Columbia_River_75
,0.1662012174724827,2001-10-15,10.315655275600882,9.811344123146062,Columbia_River_75
,0.2558563572960687,2001-10-23,15.720702976854842,14.945317517091464,Columbia_River_75
,0.2360129407964007,2001-10-31,13.973609611328888,13.511259560065822,Columbia_River_75
,0.1306706395355948,2001-11-08,2.4033104022520013,5.337336404994124,Columbia_River_75
,,2001-11-24,,,Columbia_River_75
,,2001-12-02,,,Columbia_River_75
,,2001-12-26,,,Columbia_River_75
,,2002-01-03,,,Columbia_River_75
,,2002-01-11,,,Columbia_River_75
,0.1701678171705158,2002-01-19,2.5841770769962227,3.588192352019721,Columbia_River_75
,,2002-01-27,,,Columbia_River_75
,0.1854028121981906,2002-02-12,3.72732023085696,1.9014942814499791,Columbia_River_75
,0.1816982162761953,2002-02-28,12.664401566777826,4.2257574613232425,Columbia_River_75
,0.1830057457127486,2002-03-16,17.192005550814933,5.200868060743613,Columbia_River_75
,,2002-04-01,,,Columbia_River_75
,0.2054274762052236,2002-04-17,15.826286856388863,3.670324620625799,Columbia_River_75
,0.2910441856189221,2002-05-03,27.55629536462897,10.288650301465692,Columbia_River_75
,0.2871031540533173,2002-05-11,31.078948625041345,12.123039380000064,Columbia_River_75
,0.2633784951586294,2002-05-19,26.861508411633096,12.340409069447544,Columbia_River_75
,0.2849416688484891,2002-06-04,36.114166136939794,13.88608608898441,Columbia_River_75
,,2002-06-05,,,Columbia_River_75
,0.2868750219024433,2002-06-12,36.94162782676958,15.930629522701784,Columbia_River_75
,0.2834848671458488,2002-06-20,38.40122723840383,16.4515052598712,Columbia_River_75
,,2002-06-28,,,Columbia_River_75
,0.1987821517798831,2002-07-06,22.39835063856964,13.998548079721465,Columbia_River_75
,0.2754660683801454,2002-07-14,38.93335969421131,20.19213243610973,Columbia_River_75
,0.2794176450447904,2002-07-22,41.88494989558235,19.84848658068485,Columbia_River_75
,0.2750924676839435,2002-08-23,36.06757091279465,20.727358466550697,Columbia_River_75
,0.2988863389538266,2002-09-08,29.44487481133253,19.923340941234247,Columbia_River_75
,,2002-09-16,,,Columbia_River_75
,0.4085230231285095,2002-09-24,23.83175995722544,18.54549896000003,Columbia_River_75
,0.2790725235291674,2002-10-02,23.393346568827564,17.947754017352963,Columbia_River_75
,0.283145797368356,2002-10-10,21.805008903424515,17.415976485310487,Columbia_River_75
,0.2559489295587854,2002-10-18,19.533282465593174,16.462408821001947,Columbia_River_75
,0.2599193977129885,2002-10-26,13.80670172926159,14.343100088230043,Columbia_River_75
,0.2129273371224402,2002-11-03,7.945101903984387,11.8064785337524,Columbia_River_75
,0.1192861370175092,2002-11-11,8.282160845644498,9.800922042500025,Columbia_River_75
,0.1046836823225021,2002-11-19,7.344647420000001,9.60054062000006,Columbia_River_75
,,2002-11-27,,,Columbia_River_75
,0.2244516853388424,2002-12-13,6.654808538522112,7.322288315550281,Columbia_River_75
,,2002-12-21,,,Columbia_River_75
,0.0139954283546613,2002-12-29,0.4840077732711286,4.906165233494319,Columbia_River_75
,,2003-01-06,,,Columbia_River_75
,0.1862195494056817,2003-01-14,3.188990728521739,4.355443785802691,Columbia_River_75
,,2003-01-30,,,Columbia_River_75
,0.1974399993634454,2003-02-07,4.779614203548066,4.205696027968903,Columbia_River_75
,,2003-02-15,,,Columbia_River_75
,0.1121705017591777,2003-03-03,6.843663345714276,4.787968460000002,Columbia_River_75
,0.0297288174858356,2003-03-11,-9.17108934620546,,Columbia_River_75
,,2003-03-19,,,Columbia_River_75
,0.2091318464600327,2003-03-27,18.94769716258087,6.594832807835477,Columbia_River_75
,0.3263623809675106,2003-04-04,24.693706222420133,8.271549681923153,Columbia_River_75
,,2003-04-12,,,Columbia_River_75
,0.2149238072835719,2003-04-20,22.8835090192827,8.667639631381537,Columbia_River_75
,0.1779363641002572,2003-04-28,10.168309566320888,4.347043880000001,Columbia_River_75
,0.3266330773538823,2003-05-06,28.70308170653145,10.885482990623528,Columbia_River_75
,,2003-05-14,,,Columbia_River_75
,,2003-05-22,,,Columbia_River_75
,0.2209117270911098,2003-06-15,25.935065353597416,12.901481629830524,Columbia_River_75
,0.2603173623358583,2003-07-01,36.05672585550313,18.994728924803383,Columbia_River_75
,0.3065865558686783,2003-07-17,37.55623688754537,20.45986417168034,Columbia_River_75
,0.2695209907975281,2003-07-25,40.360451926399065,20.45473640112545,Columbia_River_75
,0.1964226961135864,2003-08-02,12.786135260000036,,Columbia_River_75
,0.3850174249693899,2003-08-10,39.3694267935736,22.43268869007205,Columbia_River_75
,0.2910627289453085,2003-08-18,38.447034555970255,22.54994735690926,Columbia_River_75
,0.2672240372622496,2003-08-26,36.63243140703961,21.32565452027114,Columbia_River_75
,0.232470971160026,2003-09-03,34.304140034096136,21.731056812430463,Columbia_River_75
,0.2948879082320378,2003-09-19,27.190082441098625,18.839659019692306,Columbia_River_75
,0.2835286961740826,2003-09-27,30.077946395165643,19.936325926615865,Columbia_River_75
,,2003-10-05,,,Columbia_River_75
,,2003-10-13,,,Columbia_River_75
,,2003-10-21,,,Columbia_River_75
,0.1849279701709747,2003-10-29,8.387143519999995,10.020957080000017,Columbia_River_75
,0.2093808705750561,2003-11-06,5.470517753350436,11.384513903169244,Columbia_River_75
,,2003-11-14,,,Columbia_River_75
,0.1581539954610532,2003-11-22,1.7112563801174114,8.758261883653054,Columbia_River_75
,0.212959690394392,2003-11-30,3.909353895200173,7.285624214758266,Columbia_River_75
,0.0118287952663625,2003-12-08,-3.074118256103194,,Columbia_River_75
,-0.0598362824925959,2003-12-24,-2.144162880122856,-0.5373066999999878,Columbia_River_75
,,2004-01-25,,,Columbia_River_75
,0.0570391831088934,2004-02-10,2.3367032584582232,1.851940803269172,Columbia_River_75
,,2004-03-05,,,Columbia_River_75
,0.1855624524012018,2004-03-13,14.204256345107725,4.514526859999972,Columbia_River_75
,0.0577934570610523,2004-03-21,-21.236835819999985,,Columbia_River_75
,0.2209444011845638,2004-03-29,21.700448896955816,7.437702359371614,Columbia_River_75
,0.2479732413135843,2004-04-06,27.188246682732323,8.742613152087634,Columbia_River_75
,0.3382130086151139,2004-04-14,23.30102405515675,9.551332918275882,Columbia_River_75
,0.290633552316278,2004-04-22,29.6810199368322,10.416326079970798,Columbia_River_75
,0.2913663195860823,2004-04-30,30.93557905866245,11.787989323290004,Columbia_River_75
,0.2828889806267051,2004-05-08,32.87728928455495,12.443188938241772,Columbia_River_75
,,2004-05-16,,,Columbia_River_75
,0.2600523229825005,2004-05-24,27.14219400784101,12.884788650470426,Columbia_River_75
,0.3067363347000341,2004-06-01,32.79531104712503,14.55978423942532,Columbia_River_75
,0.2639464584839347,2004-06-09,33.360930511309284,16.06007334626277,Columbia_River_75
,0.2987397859862069,2004-06-17,38.13855190824543,17.383997393194946,Columbia_River_75
,0.30265173562819,2004-06-25,42.11431479532576,18.39557107937153,Columbia_River_75
,0.2832428240104843,2004-07-03,38.06531581478264,19.240942651164254,Columbia_River_75
,0.3063545957117518,2004-07-11,38.64455252488156,19.01906921213706,Columbia_River_75
,0.2918915927222098,2004-07-19,32.9246116667343,19.931265337092523,Columbia_River_75
,0.1543420633703165,2004-07-27,29.93854464049513,20.257845984265337,Columbia_River_75
,0.2908802817930153,2004-08-04,37.44081423845483,21.39863560966885,Columbia_River_75
,0.2855205658399273,2004-08-12,38.6774812442056,21.59546133661709,Columbia_River_75
,0.1777966589946806,2004-08-20,24.707913784888007,16.77781154470869,Columbia_River_75
,0.2990033794781273,2004-09-05,32.43349036888604,20.96903432000401,Columbia_River_75
,0.294697877971526,2004-09-21,27.554775916706244,19.606181265772022,Columbia_River_75
,0.2848825541996592,2004-09-29,28.31241399523851,19.246259716698454,Columbia_River_75
,0.2711705805728451,2004-10-07,24.182541163931266,17.824258483283486,Columbia_River_75
,,2004-10-15,,,Columbia_River_75
,,2004-10-23,,,Columbia_River_75
,0.2796463999870923,2004-10-31,13.414915721845386,13.453264131064884,Columbia_River_75
,0.2246790297550834,2004-11-08,12.34428970705725,12.629876428625368,Columbia_River_75
,,2004-11-16,,,Columbia_River_75
,,2004-11-24,,,Columbia_River_75
,,2004-12-02,,,Columbia_River_75
,,2004-12-18,,,Columbia_River_75
,,2005-01-03,,,Columbia_River_75
,,2005-01-11,,,Columbia_River_75
,,2005-01-19,,,Columbia_River_75
,,2005-01-27,,,Columbia_River_75
,0.1232661885672419,2005-02-04,5.772221063872341,1.951130705793183,Columbia_River_75
,0.1895934676375165,2005-02-12,5.783615498328232,2.508998255987453,Columbia_River_75
,0.1583744975589266,2005-02-20,4.90263375239823,1.6030754204426172,Columbia_River_75
,0.1816057661162289,2005-03-08,17.817506985547773,4.184092512867678,Columbia_River_75
,,2005-03-16,,,Columbia_River_75
,0.2747853611462054,2005-03-24,10.05222091225865,3.807390024697855,Columbia_River_75
,0.1741887252442027,2005-04-01,18.319206594377388,6.756563484191188,Columbia_River_75
,0.2597044168909218,2005-04-09,24.06773785674559,7.535264341682027,Columbia_River_75
,0.2438365376360041,2005-04-17,26.06478093053777,9.117067371421337,Columbia_River_75
,0.2986588234703383,2005-04-25,33.38756502118608,11.0057954551251,Columbia_River_75
,0.2789315524316675,2005-05-03,33.687704333215606,12.372554839999982,Columbia_River_75
,0.3160663659776201,2005-05-11,29.1856458423919,11.770882215759343,Columbia_River_75
,,2005-05-19,,,Columbia_River_75
,0.3375672577857095,2005-05-27,37.13564385454052,14.66484214533989,Columbia_River_75
,0.2130266589676354,2005-06-04,26.792863628807723,14.595653523783792,Columbia_River_75
,0.3026281043737179,2005-06-12,32.81539131404992,16.40737402419637,Columbia_River_75
,0.3146916980724186,2005-06-20,37.55231861480815,18.046712952216463,Columbia_River_75
,,2005-06-28,,,Columbia_River_75
,0.2129701056363017,2005-07-06,15.933349439751524,,Columbia_River_75
,0.3066708082446899,2005-07-14,39.60162428189704,19.42702012499009,Columbia_River_75
,,2005-07-22,,,Columbia_River_75
,0.3032103513031997,2005-07-30,42.35950219110219,20.80586014842541,Columbia_River_75
,0.2913865280583382,2005-08-07,40.62703121813195,22.352913467416315,Columbia_River_75
,0.2692289078674508,2005-08-15,36.61785786417165,20.72869211739545,Columbia_River_75
,0.2442943017137881,2005-08-23,34.445593584992814,22.01139891627518,Columbia_River_75
,0.2224204606414291,2005-08-31,25.309671458458933,17.705761670660966,Columbia_River_75
,0.2873954381532555,2005-09-08,34.562053453103594,21.058112102861426,Columbia_River_75
,,2005-09-16,,,Columbia_River_75
,0.2868713720591949,2005-09-24,26.060028896469653,19.136816419999683,Columbia_River_75
,0.1345289834816249,2005-10-02,10.317631023113174,9.662064980000023,Columbia_River_75
,0.2095078088343143,2005-10-10,20.718236431922836,16.212645402048377,Columbia_River_75
,0.2772555994085718,2005-10-18,23.587234504690464,16.836082863485213,Columbia_River_75
,0.1700366042100021,2005-11-11,9.031829812452882,9.944871954800066,Columbia_River_75
,,2005-11-19,,,Columbia_River_75
,,2005-12-05,,,Columbia_River_75
,,2006-01-14,,,Columbia_River_75
,,2006-01-22,,,Columbia_River_75
,,2006-01-30,,2.737156460000051,Columbia_River_75
,,2006-02-07,,,Columbia_River_75
,0.1743806084587299,2006-02-15,5.27850170981649,3.154154900000068,Columbia_River_75
,,2006-02-23,,,Columbia_River_75
,0.1773590755840019,2006-03-03,11.226740295137578,4.408930308707406,Columbia_River_75
,,2006-03-11,,,Columbia_River_75
,,2006-03-27,,,Columbia_River_75
,0.1892904341361493,2006-04-04,18.30499227165861,5.599755114213116,Columbia_River_75
,0.2678203105699296,2006-04-12,23.30030583146604,6.918983527889582,Columbia_River_75
,,2006-04-20,,,Columbia_River_75
,0.2948402436229702,2006-04-28,33.379100023846824,10.891965312415186,Columbia_River_75
,,2006-05-06,,,Columbia_River_75
,0.306735815866366,2006-05-14,33.93746724437652,13.076917177298048,Columbia_River_75
,0.3091169545414041,2006-05-30,33.20120662255272,13.92054290987658,Columbia_River_75
,0.2908118645266143,2006-06-07,36.11584661874878,16.982170978193,Columbia_River_75
,0.3323181318634605,2006-06-15,33.62483549739808,15.745816537925048,Columbia_River_75
,0.3341639746616449,2006-06-23,36.70095563261521,17.140142439310754,Columbia_River_75
,0.3300472174387307,2006-07-01,42.63390374051826,18.89124092801801,Columbia_River_75
,0.2911998987328552,2006-07-09,36.61886297035426,20.359955790909,Columbia_River_75
,0.3220476343164102,2006-07-17,38.88590566275124,19.83570095865639,Columbia_River_75
,0.2911611513525893,2006-07-25,39.87095860999548,21.011024111689974,Columbia_River_75
,0.3144560680019678,2006-08-02,37.06299202815198,20.53597126516188,Columbia_River_75
,0.2990411807037333,2006-08-10,36.05200681391524,21.32497842671158,Columbia_River_75
,0.2848854919665065,2006-08-18,36.195351349396,21.20001807167993,Columbia_River_75
,0.2912920248448485,2006-08-26,35.314814922414484,21.755287360171323,Columbia_River_75
,0.2283023466445656,2006-09-03,28.067599258936585,18.82704276786484,Columbia_River_75
,0.2791846251165069,2006-09-11,30.55831801796115,20.759950689170985,Columbia_River_75
,0.050547659745389,2006-09-19,-10.599954027248724,10.940404460000025,Columbia_River_75
,0.3063555410722406,2006-09-27,29.18894480812093,18.91881419030157,Columbia_River_75
,0.2675000273215274,2006-10-05,22.279364451343152,17.206574191727046,Columbia_River_75
,0.2891001105308532,2006-10-13,14.950596424999986,14.136082259000048,Columbia_River_75
,0.3026525456755968,2006-10-21,17.279114013486534,15.324124343033862,Columbia_River_75
,,2006-10-29,,,Columbia_River_75
,,2006-11-14,,,Columbia_River_75
,,2006-11-22,,,Columbia_River_75
,-0.018536933672497,2006-11-30,-7.706095770787642,5.8619375938082925,Columbia_River_75
,,2006-12-16,,,Columbia_River_75
,0.1033985107055414,2007-01-09,-0.8326468928145908,1.2346614361797978,Columbia_River_75
,0.0186671381211513,2007-01-17,-6.197547819999954,-4.163825919999965,Columbia_River_75
,,2007-01-25,,,Columbia_River_75
,0.0089590355108589,2007-02-02,-4.081595769941895,-3.487057960000016,Columbia_River_75
,0.2208994066736136,2007-02-18,12.861637112433478,4.059930200000053,Columbia_River_75
,,2007-02-26,,,Columbia_River_75
,,2007-02-27,,,Columbia_River_75
,,2007-03-06,,,Columbia_River_75
,0.2363893538713455,2007-03-14,10.663544839999986,,Columbia_River_75
,,2007-03-15,,,Columbia_River_75
,,2007-03-22,,,Columbia_River_75
,0.2384244943814858,2007-03-30,25.16923301416228,7.076184091622404,Columbia_River_75
,,2007-03-31,,,Columbia_River_75
,,2007-04-07,,,Columbia_River_75
,0.2676511332712648,2007-04-15,26.0677793596346,8.612638339815001,Columbia_River_75
,,2007-04-16,,,Columbia_River_75
,0.2404809501496605,2007-04-23,28.133960065667303,10.05016614185678,Columbia_River_75
,,2007-05-01,,,Columbia_River_75
,0.3029768170941734,2007-05-09,32.07805355894873,12.324973520740915,Columbia_River_75
,0.2093433338766787,2007-05-17,20.089108176361226,10.703766191627931,Columbia_River_75
,0.2829948278595232,2007-05-25,29.57009354985283,13.005408242338696,Columbia_River_75
,0.3187437550721128,2007-06-02,41.36190673353799,15.677303192453238,Columbia_River_75
,0.2948785923106771,2007-06-10,31.87880586944932,15.101939346651818,Columbia_River_75
,0.331785598914333,2007-06-18,33.296071379334464,15.653857534946916,Columbia_River_75
,0.3301334952690283,2007-06-26,34.804660429336835,17.344555635841648,Columbia_River_75
,0.3300205902425003,2007-07-04,41.13822725195652,18.51555427818142,Columbia_River_75
,0.3455412887157434,2007-07-12,38.9115269857143,,Columbia_River_75
,,2007-07-20,,,Columbia_River_75
,0.3138476246723997,2007-07-28,39.36940096419344,20.81242077660927,Columbia_River_75
,0.3224953027413683,2007-08-05,39.314951495663536,21.447750763716225,Columbia_River_75
,0.2948969986639628,2007-08-13,35.55960309240482,20.56629536101648,Columbia_River_75
,0.3573940869440714,2007-08-21,35.56913006863509,21.187440148047266,Columbia_River_75
,0.2868252747731879,2007-08-29,33.04925292742984,20.65968633355785,Columbia_River_75
,0.2854402497106012,2007-09-06,32.44622857760166,21.67441099683228,Columbia_River_75
,0.2641452169039707,2007-09-14,30.940962685099443,20.57506211701413,Columbia_River_75
,,2007-09-22,,,Columbia_River_75
,0.1433957021136384,2007-10-08,3.3199443328787783,,Columbia_River_75
,,2007-10-24,,,Columbia_River_75
,0.0801439939810875,2007-11-09,7.709616000000022,11.296666860380036,Columbia_River_75
,,2007-11-25,,,Columbia_River_75
,0.0028670721957838,2008-01-28,-4.960857614799703,0.4231569199999967,Columbia_River_75
,0.1152117349284508,2008-02-13,7.475225919006888,2.315524590581373,Columbia_River_75
,,2008-02-29,,,Columbia_River_75
,0.1699880809963807,2008-03-08,19.44354631567513,5.16355894400667,Columbia_River_75
,0.1855886128643172,2008-03-16,16.687294501972413,3.8135032258634336,Columbia_River_75
,0.1813954905354579,2008-03-24,18.666995277102554,5.594621180000069,Columbia_River_75
,0.2011051995526252,2008-04-01,17.806420757652177,5.266503787124439,Columbia_River_75
,0.2009780727519918,2008-04-09,23.430113458454358,7.767189282063487,Columbia_River_75
,0.222756960820371,2008-04-17,27.44754398933379,8.988035440225131,Columbia_River_75
,0.1427684977304461,2008-04-25,18.08694050409092,8.464390772000042,Columbia_River_75
,,2008-05-03,,,Columbia_River_75
,0.3993960259379584,2008-05-11,21.73109360000001,11.866687880000027,Columbia_River_75
,0.2322212560605308,2008-05-19,32.13111238092644,10.865930827096774,Columbia_River_75
,,2008-05-27,,,Columbia_River_75
,,2008-06-04,,,Columbia_River_75
,0.2793914850997824,2008-06-20,34.637048297799986,15.103775009835376,Columbia_River_75
,0.2836468384407763,2008-06-28,40.61428523591965,16.98374571855672,Columbia_River_75
,0.2324768108760711,2008-07-06,31.334306565962887,17.615661981477096,Columbia_River_75
,0.2524220658561413,2008-07-14,32.85749597035519,17.33986790416442,Columbia_River_75
,0.2129291398247852,2008-07-22,36.37950052823268,19.099500956310187,Columbia_River_75
,0.2714324559030655,2008-07-30,33.70116168210472,20.129398994257546,Columbia_River_75
,,2008-08-07,,,Columbia_River_75
,0.283424991242429,2008-08-15,39.56714470214968,21.50658203405401,Columbia_River_75
,0.2988139811739108,2008-08-23,32.80190989472274,19.82236699242067,Columbia_River_75
,0.4004376115685157,2008-08-31,25.95643635534237,19.2667011800002,Columbia_River_75
,0.2987400214884138,2008-09-08,29.71711526295465,18.269504894138507,Columbia_River_75
,0.2793735182733812,2008-09-16,29.80975322965795,19.81016636000004,Columbia_River_75
,0.2908526580040203,2008-09-24,16.935310779853655,14.183956830434814,Columbia_River_75
,0.3105856747589108,2008-10-10,18.055595853482657,15.997785033196026,Columbia_River_75
,0.1328373998403549,2008-10-11,27.258031940000023,,Columbia_River_75
,,2008-10-18,,,Columbia_River_75
,0.189402092535923,2008-10-26,10.89251364726337,10.526262173698685,Columbia_River_75
,0.0105024122766086,2008-11-27,-1.8221642646511464,2.574800510000045,Columbia_River_75
,,2009-01-14,,,Columbia_River_75
,,2009-01-30,,,Columbia_River_75
,0.1300642313725001,2009-02-07,1.214028371436345,1.1955237506875656,Columbia_River_75
,0.1311062228807591,2009-03-03,10.592427729290446,1.0073112341523287,Columbia_River_75
,0.1695467651337447,2009-03-11,7.343148313094496,2.053013986398041,Columbia_River_75
,,2009-03-19,,,Columbia_River_75
,0.1104664728045463,2009-03-27,6.117578240000057,,Columbia_River_75
,0.2147254372454442,2009-04-04,23.195868060848884,5.897860365211056,Columbia_River_75
,0.2597859392560628,2009-04-20,32.55635287554502,8.524364762902836,Columbia_River_75
,,2009-04-28,,,Columbia_River_75
,0.2558804366461169,2009-05-14,25.81792381472416,11.03281905262245,Columbia_River_75
,0.2948220241739377,2009-05-22,35.067024871979015,13.170402110930462,Columbia_River_75
,0.2831515899116902,2009-05-30,40.62760023018661,15.479815404453172,Columbia_River_75
,0.2557052872207063,2009-06-07,28.55279996774196,13.995715737084533,Columbia_River_75
,0.2948600229981181,2009-06-15,35.19436978671511,17.153106449749483,Columbia_River_75
,0.2791264128714333,2009-06-23,29.090572504880644,13.724411948898457,Columbia_River_75
,0.298902667285833,2009-07-01,37.43468543503371,18.048797368923225,Columbia_River_75
,0.2048991487399493,2009-07-09,28.890289182807248,16.50799400873785,Columbia_River_75
,0.2988859817340445,2009-07-17,40.639153010489125,20.672980109037347,Columbia_River_75
,,2009-07-25,,,Columbia_River_75
,0.2681078540420212,2009-08-02,41.8869054775787,21.54976698892375,Columbia_River_75
,0.2127775920382889,2009-08-10,17.163622532163654,,Columbia_River_75
,0.2830935008006002,2009-08-18,36.19398752397746,20.398194689029108,Columbia_River_75
,0.2827346774246781,2009-08-26,21.332704380000028,,Columbia_River_75
,0.3732580906814999,2009-09-03,25.59287474896599,18.94622111428576,Columbia_River_75
,0.3168507657052583,2009-09-11,31.19773524972379,19.712535861511608,Columbia_River_75
,0.3422875458543951,2009-09-19,26.921990647865197,18.93562213805048,Columbia_River_75
,0.3160768440311737,2009-09-27,26.187341146653548,18.84787411785809,Columbia_River_75
,0.2713724326563192,2009-10-05,22.59816844791583,17.132905145996208,Columbia_River_75
,0.2245525128161641,2009-11-06,14.587209970271722,13.254878548179873,Columbia_River_75
,0.2479793451076118,2009-11-14,6.720732067404084,10.329718597718593,Columbia_River_75
,0.0023918889908831,2009-11-30,-1.2245602193625125,,Columbia_River_75
,0.1856179530559359,2009-12-08,-3.5536003947498247,5.071664120000108,Columbia_River_75
,-0.0573779879856856,2009-12-16,-5.20210958787994,,Columbia_River_75
,,2010-01-09,,,Columbia_River_75
,,2010-02-02,,,Columbia_River_75
,,2010-02-10,,,Columbia_River_75
,0.1972897550751989,2010-02-18,8.849258343854089,3.704699992107034,Columbia_River_75
,0.2248380571623209,2010-03-06,12.97031919192357,4.227786656597498,Columbia_River_75
,0.2362942337184339,2010-03-14,15.28925439647186,3.731373027500013,Columbia_River_75
,0.1502278865490501,2010-03-30,17.558747747029805,6.408109940000031,Columbia_River_75
,,2010-04-07,,,Columbia_River_75
,,2010-04-15,,,Columbia_River_75
,0.3144541266374756,2010-04-23,28.68753629644276,10.160025320079225,Columbia_River_75
,0.2635595564745632,2010-05-01,27.42995033363989,10.785146290270289,Columbia_River_75
,0.3088316139257283,2010-05-09,29.69118210119699,10.26128653857304,Columbia_River_75
,,2010-05-25,,,Columbia_River_75
,0.2302115390315767,2010-06-10,28.817929615149897,13.819481932092216,Columbia_River_75
,0.3147378235200035,2010-06-18,32.93726559796626,14.454420629602303,Columbia_River_75
,0.3140952384706932,2010-06-26,34.69134323972651,15.419018176473642,Columbia_River_75
,0.197236370454105,2010-07-04,18.69264481670712,11.688950840000018,Columbia_River_75
,0.2912167345931781,2010-07-12,33.17958526544534,18.178120951915908,Columbia_River_75
,0.275884132687768,2010-07-20,35.620521021968074,18.323922494725096,Columbia_River_75
,0.2364609736764528,2010-07-28,27.35781955967414,16.90246777187102,Columbia_River_75
,0.2834102363095532,2010-08-05,38.06744133397402,21.40154115687559,Columbia_River_75
,0.3240625522810763,2010-08-13,36.92636776348559,20.577959513132928,Columbia_River_75
,,2010-08-21,,,Columbia_River_75
,0.3087006403633007,2010-08-29,33.07126322690683,19.97714678561797,Columbia_River_75
,0.1893240412807514,2010-09-06,14.159417310703631,12.94678220000003,Columbia_River_75
,0.32398172545964,2010-09-14,31.68786964708004,19.93927971386166,Columbia_River_75
,0.3141524502937755,2010-09-22,24.08880953035689,18.29130226033311,Columbia_River_75
,0.3476377972305428,2010-09-30,26.20525862660461,18.54500250645404,Columbia_River_75
,,2010-10-08,,,Columbia_River_75
,0.3219820022161089,2010-10-16,17.965175142294463,16.135708791890405,Columbia_River_75
,,2010-10-24,,,Columbia_River_75
,,2010-11-01,,,Columbia_River_75
,,2010-11-17,,,Columbia_River_75
,,2010-11-25,,,Columbia_River_75
,,2010-12-03,,,Columbia_River_75
,,2010-12-19,,,Columbia_River_75
,,2010-12-27,,,Columbia_River_75
,,2011-01-04,,,Columbia_River_75
,0.1619329033770187,2011-01-20,2.916385284696719,2.8306322949532947,Columbia_River_75
,,2011-01-28,,,Columbia_River_75
,,2011-02-05,,,Columbia_River_75
,0.1818333782879299,2011-02-21,8.213997611954316,2.63001339035792,Columbia_River_75
,,2011-03-09,,,Columbia_River_75
,0.2285316437482834,2011-03-17,6.746493920000034,,Columbia_River_75
,0.214861474482216,2011-03-25,17.83565264768248,4.919263518573954,Columbia_River_75
,0.223972063430281,2011-04-02,13.95419672130246,4.0736022800000455,Columbia_River_75
,,2011-04-10,,,Columbia_River_75
,0.2676155516994894,2011-04-18,18.806922360645192,6.857597372187539,Columbia_River_75
,0.2619895406168532,2011-04-26,27.06122021653382,9.150260619695208,Columbia_River_75
,0.2596107525671053,2011-05-04,28.05478017359805,9.541155738436355,Columbia_River_75
,0.2947332513321898,2011-05-12,29.95077778818689,11.26351617493264,Columbia_River_75
,0.2595837910970052,2011-05-20,24.70593228875659,15.0146843,Columbia_River_75
,0.3339010142667339,2011-05-28,30.62366221211884,12.85799260943158,Columbia_River_75
,,2011-06-05,,,Columbia_River_75
,0.4780746698379516,2011-06-13,27.927963859999977,14.016622460000008,Columbia_River_75
,0.3222452424171379,2011-06-21,35.31442339152649,15.318168543081985,Columbia_River_75
,0.2874450306056406,2011-07-07,40.11219808199535,18.15500175447896,Columbia_River_75
,0.326464900539454,2011-07-15,36.37106156830788,17.40358433894858,Columbia_River_75
,0.3141313121865635,2011-07-23,34.56566409351662,17.877883991224905,Columbia_River_75
,0.3422857480931746,2011-07-31,40.15250157822362,19.53987545971025,Columbia_River_75
,0.2789042178644373,2011-08-08,30.855402710051607,18.57197787554034,Columbia_River_75
,0.3225317848400243,2011-08-16,34.17321954950722,19.597552456763584,Columbia_River_75
,0.3025299687798919,2011-08-24,36.430450073353306,20.86471971868974,Columbia_River_75
,0.2619321881402836,2011-09-01,27.051573153819064,17.01135039624249,Columbia_River_75
,0.2558418983083685,2011-09-09,33.181985216158594,20.25954697906238,Columbia_River_75
,,2011-09-17,,,Columbia_River_75
,,2011-09-25,,,Columbia_River_75
,,2011-10-03,,,Columbia_River_75
,0.2760610576038261,2011-10-11,20.35250342305016,17.382628004997105,Columbia_River_75
,0.2948953777413969,2011-10-19,19.3129185489032,16.554073443547676,Columbia_River_75
,0.252139464517049,2011-10-27,12.093524748599409,13.00426894899364,Columbia_River_75
,0.2873276702536632,2011-11-04,12.200955679215683,13.283590737540107,Columbia_River_75
,,2011-11-12,,,Columbia_River_75
,,2011-11-20,,,Columbia_River_75
,,2011-12-06,,,Columbia_River_75
,0.1932947508565027,2011-12-22,-0.0644574308377362,4.348090754461057,Columbia_River_75
,,2012-01-07,,,Columbia_River_75
,-0.0205881841129503,2012-01-23,-5.916185191659254,-0.360650195354806,Columbia_River_75
,0.1044865673939308,2012-02-24,6.428618060000019,1.4998332200000275,Columbia_River_75
,,2012-03-11,,,Columbia_River_75
,0.2226846097932124,2012-04-12,27.939517982435635,7.980929401297249,Columbia_River_75
,0.2854243376322034,2012-04-28,28.575112006371896,10.174419846293397,Columbia_River_75
,0.2986258485100486,2012-05-07,17.44546619000003,8.540954420000048,Columbia_River_75
,0.2930846021426714,2012-05-14,36.13425475164316,13.482483791517735,Columbia_River_75
,,2012-05-30,,,Columbia_River_75
,0.3316487147461238,2012-06-15,35.184110310744835,15.38858097047426,Columbia_River_75
,0.2947428353557673,2012-07-01,36.870668849367725,15.882753214810142,Columbia_River_75
,0.3305057834242803,2012-08-02,36.87980155748121,20.143190722840163,Columbia_River_75
,0.2847801284675129,2012-08-18,39.43016313233792,20.09440356276604,Columbia_River_75
,0.3028682722380542,2012-09-03,34.68702473307297,20.513777061807875,Columbia_River_75
,0.1271182387153986,2012-09-19,24.285344453431875,18.546664401897395,Columbia_River_75
,0.275585818909366,2012-10-05,20.94629518162803,16.980045799999818,Columbia_River_75
,,2012-10-21,,,Columbia_River_75
,,2012-11-06,,,Columbia_River_75
,0.1855097056925167,2012-11-22,4.294698653409772,7.471114160000025,Columbia_River_75
,,2012-12-08,,,Columbia_River_75
,-0.0165252484395395,2012-12-24,-0.1151245720159501,5.589362922043469,Columbia_River_75
,0.0293224622254035,2013-01-09,2.730352091793925,4.3041958263879945,Columbia_River_75
,0.0247771233627829,2013-01-25,-1.869319327080026,-0.2232286399999831,Columbia_River_75
,0.2011823989905527,2013-02-10,6.84272358606235,2.867115262513336,Columbia_River_75
,,2013-02-26,,,Columbia_River_75
,0.2048553042113781,2013-03-25,-0.4061714448780258,,Columbia_River_75
,0.2401133406389169,2013-03-30,24.563875397040785,6.704699858300124,Columbia_River_75
,,2013-04-15,,,Columbia_River_75
,,2013-04-23,,,Columbia_River_75
,0.3159132262123798,2013-05-01,28.16634968593729,10.43078529480032,Columbia_River_75
,,2013-05-17,,,Columbia_River_75
,0.4731687773000033,2013-05-25,26.684722620604017,14.568238965800736,Columbia_River_75
,0.3259848347733278,2013-06-02,34.885615654784644,15.260239770213708,Columbia_River_75
,0.354865043564757,2013-06-10,36.81188537776594,19.40546671597772,Columbia_River_75
,,2013-06-18,,,Columbia_River_75
,0.3014462008260783,2013-07-04,38.80389096719243,19.23133458499173,Columbia_River_75
,,2013-07-12,,,Columbia_River_75
,0.3219337347712379,2013-07-20,42.86017018611637,20.867635533758648,Columbia_River_75
,0.3398857535252462,2013-07-28,39.81719554553551,23.68451224658647,Columbia_River_75
,0.3259007694266942,2013-08-05,37.81863445483998,21.93662151527384,Columbia_River_75
,0.2676908639685061,2013-08-13,26.69081548332863,19.59162234653063,Columbia_River_75
,,2013-08-29,,,Columbia_River_75
,,2013-09-06,,,Columbia_River_75
,0.3807301159861476,2013-09-14,23.4383433560596,17.608029292727284,Columbia_River_75
,,2013-09-22,,,Columbia_River_75
,0.4104961948679698,2013-09-30,18.7177207213318,16.92150240170498,Columbia_River_75
,,2013-10-08,,,Columbia_River_75
,0.3461135070599011,2013-10-16,20.84557862028372,16.783776846905575,Columbia_River_75
,0.2679411427453282,2013-10-24,19.15886132418606,16.164594232362102,Columbia_River_75
,0.2833787739767555,2013-11-01,13.346143975106012,13.032468425517251,Columbia_River_75
,,2013-11-09,,,Columbia_River_75
,0.2675185190174201,2013-11-17,3.4031502265217566,,Columbia_River_75
,0.2635177453334332,2013-11-25,2.90589610475174,8.169956275746696,Columbia_River_75
,0.3025717652994767,2013-12-03,1.0987824865110791,6.029777851250022,Columbia_River_75
,,2013-12-11,,,Columbia_River_75
,,2013-12-19,,,Columbia_River_75
,,2013-12-27,,,Columbia_River_75
,0.2671538891848298,2014-01-04,2.590627650921976,3.7221844246952895,Columbia_River_75
,0.0666774039467175,2014-01-12,-1.3747215999999869,0.327452360000052,Columbia_River_75
,,2014-01-20,,,Columbia_River_75
,0.1524857899201232,2014-02-05,-2.403295126808487,0.3445638174243517,Columbia_River_75
,0.0762666072588558,2014-02-13,7.710935427165242,2.4327331133459578,Columbia_River_75
,0.2210383315637879,2014-02-21,10.43861027484974,3.2800248428571623,Columbia_River_75
,0.4124452518915433,2014-03-09,11.005346840000016,2.30135891000002,Columbia_River_75
,0.183368506113976,2014-03-17,16.966944649328884,4.764526282989516,Columbia_River_75
,,2014-03-25,,,Columbia_River_75
,0.1590790784075146,2014-04-02,7.210051335135168,,Columbia_River_75
,0.2602073136456058,2014-04-10,26.814796495500985,9.933580934929608,Columbia_River_75
,0.2540735293381635,2014-04-18,24.682331293596487,7.894820718001398,Columbia_River_75
,0.3387769153684188,2014-04-26,27.311142549217543,11.307673136654126,Columbia_River_75
,,2014-05-04,,,Columbia_River_75
,0.3264180346782936,2014-05-12,31.559368072285054,14.933977597454566,Columbia_River_75
,0.2852420814650052,2014-05-20,34.638695089137954,12.96876452626249,Columbia_River_75
,0.2512618014171942,2014-05-28,30.06051536685716,15.184321100821933,Columbia_River_75
,0.2987919855153838,2014-06-05,37.6214247325677,16.10703309393025,Columbia_River_75
,,2014-06-21,,,Columbia_River_75
,0.3165931288385764,2014-06-29,34.69123153012838,19.69096436081361,Columbia_River_75
,0.3009752455338682,2014-07-07,44.13952044600509,19.73623504494151,Columbia_River_75
,0.3143581950052476,2014-07-15,43.565364501558136,23.38054705695429,Columbia_River_75
,,2014-07-23,,,Columbia_River_75
,0.3140736348985265,2014-07-31,42.937256396267415,24.557751228109023,Columbia_River_75
,0.2713465235557085,2014-08-08,38.57145186679459,21.84072525411771,Columbia_River_75
,0.2617491484604038,2014-08-16,32.37980840781971,21.686847125293887,Columbia_River_75
,,2014-08-24,,,Columbia_River_75
,0.3477197625387921,2014-09-01,34.940404082948795,23.312086163986663,Columbia_River_75
,,2014-09-17,,,Columbia_River_75
,0.3145479245747099,2014-10-03,23.096092488779465,17.7810642046109,Columbia_River_75
,0.5009856820106506,2014-10-11,25.324316381959875,18.64844902150508,Columbia_River_75
,,2014-10-19,,,Columbia_River_75
,,2014-10-27,,,Columbia_River_75
,,2014-11-04,,,Columbia_River_75
,0.2399515724011144,2014-11-12,5.446532533115287,11.559296384679008,Columbia_River_75
,0.2697232725395929,2014-11-20,6.093881541647218,9.719186071746668,Columbia_River_75
,0.2280757283346696,2014-11-28,11.17152260479604,10.762369237736356,Columbia_River_75
,0.0895912162959575,2014-12-06,-0.3458975799999848,,Columbia_River_75
,,2014-12-14,,,Columbia_River_75
,0.3066712346706523,2014-12-22,6.481586287594653,6.4532448650135645,Columbia_River_75
,0.0526316639550391,2014-12-30,-2.7152774586021624,3.841553612334229,Columbia_River_75
,,2015-01-07,,,Columbia_River_75
,,2015-01-31,,,Columbia_River_75
,,2015-02-08,,,Columbia_River_75
,0.1932918956625472,2015-02-16,10.47403548251483,3.802362346720462,Columbia_River_75
,0.2403069415036877,2015-02-24,12.157623663873371,5.403667129731417,Columbia_River_75
,0.2013511205886417,2015-03-04,12.313125891242612,4.780890883535444,Columbia_River_75
,0.2560847602449336,2015-03-12,21.80456769962053,7.937435015963321,Columbia_River_75
,,2015-03-20,,,Columbia_River_75
,,2015-03-28,,,Columbia_River_75
,0.0949332490563392,2015-04-05,-11.666379819999976,,Columbia_River_75
,,2015-04-13,,,Columbia_River_75
,,2015-04-21,,,Columbia_River_75
,0.3690313838830971,2015-04-29,28.44127990076845,13.305181558949224,Columbia_River_75
,0.3382159577492679,2015-05-07,30.566200454664155,12.026302089671445,Columbia_River_75
,0.3858910031865549,2015-05-15,28.809936124978503,13.846707856474293,Columbia_River_75
,0.3392735115437455,2015-05-23,36.11338444804392,15.160228750445318,Columbia_River_75
,,2015-05-31,,,Columbia_River_75
,0.3395587145493951,2015-06-08,43.86297157077887,18.745022971020404,Columbia_River_75
,0.3496410688147023,2015-06-16,42.43038548782944,22.62470779538893,Columbia_River_75
,0.2227800470825097,2015-06-24,18.62279596215636,11.729967080000051,Columbia_River_75
,0.3394011303755726,2015-07-02,45.32082716714891,24.876122914531017,Columbia_River_75
,,2015-07-10,,,Columbia_River_75
,0.334271835743968,2015-07-18,42.447393734542665,24.06245767956206,Columbia_River_75
,0.271652928947447,2015-07-26,31.884764817494453,20.087930165523336,Columbia_River_75
,,2015-08-03,,,Columbia_River_75
,,2015-08-11,,,Columbia_River_75
,0.3103423572600466,2015-08-19,38.065228827000375,24.5317216804882,Columbia_River_75
,0.1893031466061641,2015-08-27,22.678019203681984,15.263467327142864,Columbia_River_75
,0.161619665121514,2015-09-04,10.514291300000004,,Columbia_River_75
,0.3065868041890881,2015-09-12,34.05126043493596,20.14684564283269,Columbia_River_75
,0.3476774428387822,2015-09-20,32.31418085854951,21.44617690902814,Columbia_River_75
,0.3089116947289984,2015-09-28,24.81533714606165,17.76172772981587,Columbia_River_75
,,2015-10-06,,,Columbia_River_75
,0.0919612422585487,2015-10-14,1.7356766000000334,,Columbia_River_75
,0.3147117542745513,2015-10-22,20.78373932429547,16.59384315964248,Columbia_River_75
,0.1464980551854334,2015-10-30,5.644747720365396,,Columbia_River_75
,,2015-11-07,,,Columbia_River_75
,,2015-11-23,,,Columbia_River_75
,,2015-12-01,,,Columbia_River_75
,0.3554051525073926,2015-12-09,9.391639496712568,8.546607034942335,Columbia_River_75
,-0.0280875766185159,2015-12-25,-6.72825352912649,,Columbia_River_75
,,2016-01-02,,,Columbia_River_75
,,2016-01-10,,,Columbia_River_75
,,2016-01-18,,,Columbia_River_75
,0.2792757564017159,2016-02-27,13.472688257527428,3.0252754400000264,Columbia_River_75
,0.2559913184679123,2016-03-06,19.016433713891423,6.068367707510965,Columbia_River_75
,0.2927072574069354,2016-03-14,14.337460027550184,6.094924209529864,Columbia_River_75
,0.1783578825526305,2016-03-22,6.950465629096159,1.3511493500000322,Columbia_River_75
,0.2168898491201883,2016-03-30,16.203197527517727,5.840561337373751,Columbia_River_75
,0.2635382945389902,2016-04-07,28.563071108570515,9.089483546945576,Columbia_River_75
,0.3496571190353283,2016-04-15,22.43164296542273,9.567350824630964,Columbia_River_75
,0.3474159337981006,2016-04-23,29.43487305951244,11.862401065427914,Columbia_River_75
,0.3861933398186679,2016-05-01,32.81833877027866,15.685041724578172,Columbia_River_75
,0.4163765333603244,2016-05-09,29.19087611764684,13.325589441080115,Columbia_River_75
,,2016-05-17,,,Columbia_River_75
,0.3461499921402382,2016-05-25,35.311689064692835,15.672101533624938,Columbia_River_75
,0.5235285758972168,2016-06-02,15.181027940000016,,Columbia_River_75
,0.3418083568801403,2016-06-26,38.90124136366946,18.520521116622657,Columbia_River_75
,,2016-07-04,,,Columbia_River_75
,,2016-07-12,,,Columbia_River_75
,0.3638396228220208,2016-07-20,36.32100667984212,21.94040967728146,Columbia_River_75
,0.3084122441197789,2016-07-28,44.89216784880273,22.26833858652664,Columbia_River_75
,0.3419919472139866,2016-08-05,40.0449719340367,23.934910030030355,Columbia_River_75
,0.2130498331514475,2016-08-13,21.634643592788343,16.03193037901404,Columbia_River_75
,0.3400309740519456,2016-08-21,40.68862731332603,24.55891513464288,Columbia_River_75
,0.209048313492498,2016-08-29,32.42745857062007,20.411072992635244,Columbia_River_75
,0.3631933302618365,2016-09-06,28.445902772215348,19.931041597640306,Columbia_River_75
,0.3166194575342886,2016-09-14,31.33915288446532,19.4339958462535,Columbia_River_75
,0.3475033965256918,2016-09-22,28.435632331562523,19.906220100384008,Columbia_River_75
,0.238398732206485,2016-09-30,24.672886982038243,18.52639748669237,Columbia_River_75
,,2016-10-08,,,Columbia_River_75
,,2016-10-16,,,Columbia_River_75
,,2016-10-24,,,Columbia_River_75
,0.2988863029006441,2016-11-01,15.904646744805929,14.007148164974147,Columbia_River_75
,0.3615536167790004,2016-11-09,14.969563293548823,13.847115600491804,Columbia_River_75
,0.2954592704772949,2016-11-17,6.134668340000019,6.849034520000032,Columbia_River_75
,0.0568275870522457,2016-12-03,3.7116272600000224,6.767002040000023,Columbia_River_75
,,2016-12-11,,,Columbia_River_75
,0.0022436652798205,2016-12-19,-8.634596079999994,,Columbia_River_75
,0.0274159732448693,2016-12-27,-4.907726696056348,3.2174000562758853,Columbia_River_75
,0.0144778333514586,2017-01-04,-8.698498220604577,2.743992499999912,Columbia_River_75
,-0.0117542091936196,2017-01-12,-11.472549389618816,-0.9338436813616162,Columbia_River_75
,,2017-02-13,,,Columbia_River_75
,,2017-02-21,,,Columbia_River_75
,0.1287800302091757,2017-03-01,8.029773285066872,2.9078187991929365,Columbia_River_75
,0.2564165300398364,2017-03-25,16.654887268876905,4.094741419076944,Columbia_River_75
,0.2774380409958361,2017-04-02,20.65898871932624,8.30850028551065,Columbia_River_75
,0.2467030837434552,2017-04-10,23.06699054398408,7.480176894405441,Columbia_River_75
,,2017-04-18,,,Columbia_River_75
,,2017-04-26,,,Columbia_River_75
,0.2009678678587079,2017-05-04,22.2810840909091,7.828866920000024,Columbia_River_75
,,2017-05-12,,,Columbia_River_75
,0.2987717327097772,2017-05-20,33.057710669857926,14.937305268915688,Columbia_River_75
,0.300739127901798,2017-05-28,38.87002330712669,14.143400551171332,Columbia_River_75
,0.3500934688757701,2017-06-05,35.57326683324118,17.433469962836128,Columbia_River_75
,0.28717457444562,2017-06-13,32.68421681156929,15.724450897087772,Columbia_River_75
,0.3247285695234321,2017-06-21,34.4443962118774,18.937734417206705,Columbia_River_75
,0.3084615227010104,2017-06-29,40.602430029938006,18.118308898025376,Columbia_River_75
,0.2693458068127952,2017-07-07,42.81856421735099,22.43540024146344,Columbia_River_75
,0.2850293892389006,2017-07-15,41.29460198267689,20.302697562178267,Columbia_River_75
,0.3247459010878156,2017-07-23,44.81727380514384,24.55936001668194,Columbia_River_75
,0.2929788924388087,2017-07-31,42.63345096027052,20.728160871079623,Columbia_River_75
,0.3103422268059713,2017-08-08,37.05967207840821,23.217785813428595,Columbia_River_75
,0.3007011453547549,2017-08-16,40.077384075484574,22.232439876288108,Columbia_River_75
,0.3182084069739849,2017-08-24,33.9380345534028,23.06274786918432,Columbia_River_75
,0.2830068658217889,2017-09-01,37.064587811506286,21.080471590501208,Columbia_River_75
,,2017-09-09,,,Columbia_River_75
,0.1859321770225376,2017-09-17,24.06807119942672,18.857464400479504,Columbia_River_75
,0.2870907926192,2017-10-03,23.558552862693137,17.666269901222392,Columbia_River_75
,,2017-10-11,,,Columbia_River_75
,0.2986816124032198,2017-10-27,16.719512995727037,14.278783372062366,Columbia_River_75
,,2017-11-12,,,Columbia_River_75
,0.0475303083658218,2017-11-20,5.946677239999985,,Columbia_River_75
,0.079097580178592,2017-12-06,2.1343623458458088,5.571668602000695,Columbia_River_75
,,2017-12-14,,,Columbia_River_75
,0.0351184589415839,2017-12-30,-0.2965955943349119,3.547567974664632,Columbia_River_75
,,2018-01-15,,,Columbia_River_75
,,2018-01-31,,,Columbia_River_75
,0.1814716428930784,2018-02-08,14.945127627960138,4.3865927498500845,Columbia_River_75
,0.2401009272096577,2018-02-16,10.404085411841928,3.904211636674091,Columbia_River_75
,0.1816918389823346,2018-02-24,6.224550907158356,2.5510240747454693,Columbia_River_75
,,2018-03-04,,,Columbia_River_75
,0.183660636742383,2018-03-12,17.186022250050094,4.299578843996807,Columbia_River_75
,0.2400608190037141,2018-03-20,19.93100207666458,7.30974460608456,Columbia_River_75
,0.1918066668411755,2018-03-28,17.79727213008462,3.886190401973266,Columbia_River_75
,,2018-04-13,,,Columbia_River_75
,0.4226700514554977,2018-04-21,21.6911445246154,9.974466344338053,Columbia_River_75
,0.2930783016144934,2018-04-29,28.92775966094826,10.709716284693496,Columbia_River_75
,0.3994829694430033,2018-05-07,32.42852602617515,14.557144721650907,Columbia_River_75
,0.2927149109072734,2018-05-15,38.37595870709302,14.088346989013258,Columbia_River_75
,0.3454924428711641,2018-05-23,37.31686612871357,17.56142318591838,Columbia_River_75
,,2018-05-31,,,Columbia_River_75
,,2018-06-08,,,Columbia_River_75
,,2018-06-16,,,Columbia_River_75
,0.3456757989834322,2018-06-24,40.44803675671656,21.81389888188502,Columbia_River_75
,0.2873391854269115,2018-07-02,33.93534810890274,17.76590583305057,Columbia_River_75
,0.3242365302418461,2018-07-10,37.569514389682304,22.18639576684234,Columbia_River_75
,0.2855994393016596,2018-07-18,41.61298127785782,20.735645937954885,Columbia_River_75
,0.3260453780574831,2018-07-26,43.55864292741509,24.558577404318648,Columbia_River_75
,0.2777319448563842,2018-08-03,37.80678258232517,21.39710662860717,Columbia_River_75
,0.3222709849517304,2018-08-11,37.810874174893264,23.432772557830425,Columbia_River_75
,-0.0134259224006812,2018-08-19,19.197626417664672,,Columbia_River_75
,0.2993274850283359,2018-08-27,34.56384289006816,22.43235229328097,Columbia_River_75
,0.2770970917701852,2018-09-04,30.57403011252402,19.292549044408315,Columbia_River_75
,0.3397818796546688,2018-09-12,30.945276880608425,21.308718218939248,Columbia_River_75
,0.3063104758246748,2018-09-20,29.31709276568128,19.18405202431573,Columbia_River_75
,0.3244448104235182,2018-09-28,29.090785469414445,20.157054504593305,Columbia_River_75
,0.3006961862488337,2018-10-06,20.27914434556039,16.681147872042416,Columbia_River_75
,0.3244332238543634,2018-10-14,19.21641114392316,16.407051365735594,Columbia_River_75
,0.2402454364186938,2018-10-22,18.090122558454127,15.017956439654046,Columbia_River_75
,0.2674483046434388,2018-10-30,10.637671229761676,10.419362669827612,Columbia_River_75
,0.2282390725197886,2018-11-07,12.847339423540957,12.912475611437593,Columbia_River_75
,0.1856805012721909,2018-11-15,6.391282764615399,7.355008293125021,Columbia_River_75
,-0.0581452864107121,2018-11-23,-0.8081506047999824,-1.6789253800000097,Columbia_River_75
,0.0257522919111781,2018-12-17,-0.1811490159999834,,Columbia_River_75
,,2018-12-25,,,Columbia_River_75
,,2019-01-02,,,Columbia_River_75
,,2019-01-10,,,Columbia_River_75
,,2019-01-26,,,Columbia_River_75
,0.2714124619960785,2019-02-03,-1.0431736599999797,,Columbia_River_75
,,2019-02-19,,,Columbia_River_75
,-0.0195183395457784,2019-03-07,0.4092114376407632,1.360045133624445,Columbia_River_75
,-0.0021987196257366,2019-03-15,7.839720216748525,2.1133546665914973,Columbia_River_75
,0.2167729078074195,2019-03-23,21.314709799070144,6.943010611160525,Columbia_River_75
,0.2051270779473221,2019-03-31,24.9377899191119,6.850800618052911,Columbia_River_75
,0.2462939526124868,2019-04-16,18.061525592442205,3.6843130405277016,Columbia_River_75
,0.3379104710911165,2019-04-24,29.31288885476924,11.813180934370212,Columbia_River_75
,0.2696349598985537,2019-05-02,26.43467274289523,8.798111789082306,Columbia_River_75
,0.3555473355124947,2019-05-10,36.31231015669608,16.065865433218836,Columbia_River_75
,0.2872390088439701,2019-05-18,23.364698174818965,10.642939356495816,Columbia_River_75
,0.2069543570138868,2019-06-03,23.401509770653828,15.00656976396954,Columbia_River_75
,0.3711298139440824,2019-06-11,40.568218607316304,20.11506817761848,Columbia_River_75
,0.2925624617674007,2019-06-19,33.19731805154419,17.618186015903596,Columbia_River_75
,,2019-06-27,,,Columbia_River_75
,0.2145947545464846,2019-07-05,27.867770590873462,17.972945732244888,Columbia_River_75
,0.3652147167703604,2019-07-13,38.12586440300903,23.36247934198008,Columbia_River_75
,0.332203762961388,2019-07-21,39.682059969260514,19.40609044719093,Columbia_River_75
,0.3557097061529188,2019-07-29,40.31460615880956,23.56174512128176,Columbia_River_75
,0.3004399078387406,2019-08-06,41.89112344873698,21.363741857524744,Columbia_River_75
,0.3766608658662811,2019-08-14,31.62788918604928,23.06533194875001,Columbia_River_75
,0.3167076917192458,2019-08-22,36.80494310649327,21.312305697370338,Columbia_River_75
,,2019-08-30,,,Columbia_River_75
,0.264281892258188,2019-09-07,27.111391017141653,18.239441338644102,Columbia_River_75
,,2019-09-23,,,Columbia_River_75
,0.4180099616806247,2019-10-01,20.84564667306245,17.472458059232608,Columbia_River_75
,0.3553820267824273,2019-10-09,16.911805776616635,15.38269015569196,Columbia_River_75
,,2019-10-17,,,Columbia_River_75
,0.3146352259628365,2019-10-25,14.781138344948143,13.651580743081375,Columbia_River_75
,0.2600035372617016,2019-11-02,7.781279539156012,9.107918487500022,Columbia_River_75
,,2019-11-03,,,Columbia_River_75
,,2019-11-10,,,Columbia_River_75
,0.0077656195499002,2019-11-19,3.3797442200000205,,Columbia_River_75
,0.0435347408056259,2019-11-26,-5.305444599999987,,Columbia_River_75
,0.0022643420379608,2019-12-12,-5.001240819999964,,Columbia_River_75
,,2020-01-05,,,Columbia_River_75
,,2020-01-13,,,Columbia_River_75
,,2020-01-21,,,Columbia_River_75
,0.2166873736880432,2020-02-14,9.464074405747882,3.8242173752348334,Columbia_River_75
,0.2633342443592942,2020-02-22,10.907667114694853,4.217724311832868,Columbia_River_75
,,2020-02-23,,,Columbia_River_75
,0.2130818128034365,2020-03-01,12.791528931714828,4.114618519999933,Columbia_River_75
,0.2635997419448145,2020-03-09,15.405885421167897,6.0923128757894895,Columbia_River_75
,,2020-03-10,,,Columbia_River_75
,0.2051332398554407,2020-03-17,14.067027601934267,4.432564387616717,Columbia_River_75
,0.3377165654638061,2020-03-25,13.184369566093068,4.969202095172431,Columbia_River_75
,0.2452985940188387,2020-03-26,15.575238038963048,4.2650114000000485,Columbia_River_75
,,2020-04-02,,,Columbia_River_75
,0.3536512311547994,2020-04-10,22.306994601968,13.972188200000003,Columbia_River_75
,,2020-04-11,,,Columbia_River_75
,0.2129264596630545,2020-04-18,26.058833218503903,8.797305919999985,Columbia_River_75
,0.3221888862632364,2020-04-26,27.183608835086066,11.057849868524611,Columbia_River_75
,0.3185710474299477,2020-04-27,32.95688165361212,11.36140320342244,Columbia_River_75
,0.1611712530777006,2020-05-04,14.075944696442711,6.57559292000002,Columbia_River_75
,0.587631344795227,2020-05-12,28.14329912000005,26.119831280000028,Columbia_River_75
,0.2564620673656463,2020-05-13,22.99917902000004,,Columbia_River_75
,0.2555138165901219,2020-05-20,14.678403716923098,6.673006490000034,Columbia_River_75
,0.3718551174820405,2020-05-28,22.21949043161544,,Columbia_River_75
,0.4941304023756365,2020-05-29,33.637339017500025,15.760545092857187,Columbia_River_75
,,2020-06-05,,,Columbia_River_75
,,2020-06-13,,,Columbia_River_75
,0.3763328882364126,2020-06-14,33.93554252865632,18.316491620000026,Columbia_River_75
,0.2952718688488315,2020-06-21,34.629242213951294,16.180528678200478,Columbia_River_75
,0.3396952694609063,2020-06-29,40.189767068549614,20.435527965367186,Columbia_River_75
,0.3486443335811297,2020-06-30,39.5684663937393,20.89709672000004,Columbia_River_75
,0.292829457003889,2020-07-07,34.81979258427059,17.886097179171898,Columbia_River_75
,0.3263319682430576,2020-07-15,42.1807431991044,22.93461638209024,Columbia_River_75
,0.4897478024164836,2020-07-16,35.67319718000002,19.174391700268423,Columbia_River_75
,0.3026051014155291,2020-07-23,38.79861891827694,19.763386812701874,Columbia_River_75
,0.3105924095616601,2020-07-31,46.13661259374508,23.943173998181848,Columbia_River_75
,,2020-08-01,,,Columbia_River_75
,0.248309309030184,2020-08-08,33.386552007793526,18.790149875475223,Columbia_River_75
,0.3260173684320235,2020-08-16,41.79665053637869,23.80803026542716,Columbia_River_75
,0.4598143696784973,2020-08-17,31.712566505000023,19.620000156363663,Columbia_River_75
,0.3020405454389895,2020-08-24,36.71611676544921,21.03309865108355,Columbia_River_75
,0.324293027262366,2020-09-01,37.686449856059554,23.19041380604131,Columbia_River_75
,0.4428874330263241,2020-09-02,33.71871740560125,20.28185312000005,Columbia_River_75
,0.1350615446904063,2020-09-09,23.85512373510033,19.246381726713604,Columbia_River_75
,0.1163084871934522,2020-09-17,22.16254741625001,,Columbia_River_75
,,2020-09-18,,,Columbia_River_75
,,2020-09-25,,,Columbia_River_75
,0.3299416147318114,2020-10-03,27.717430690925227,20.21896686552431,Columbia_River_75
,0.5373010039170328,2020-10-04,24.142177790673635,18.85273485451614,Columbia_River_75
,0.189464738546343,2020-10-11,13.946189171984551,14.791373659999996,Columbia_River_75
,0.355417855174471,2020-10-19,21.965206140513928,16.532185353574747,Columbia_River_75
,0.3177320510149002,2020-10-20,8.097295424000015,,Columbia_River_75
,0.1872025281190872,2020-10-27,2.6619600200000377,,Columbia_River_75
,,2020-11-05,,,Columbia_River_75
,0.2048911776693284,2020-11-12,2.595045985659276,8.21421219749335,Columbia_River_75
,0.322480040006441,2020-11-20,6.903059373784294,9.03210562977102,Columbia_River_75
,0.1078411699296284,2020-11-21,3.964322461072274,9.982425071030908,Columbia_River_75
,0.1552167928288435,2020-11-28,5.725751040539537,8.717255540685658,Columbia_River_75
,,2020-12-06,,,Columbia_River_75
,-0.0519329046032258,2020-12-14,-5.278100440000003,,Columbia_River_75
,0.3103318344717966,2020-12-22,5.909795834882923,6.013815952615793,Columbia_River_75
,,2020-12-23,,,Columbia_River_75
,,2021-01-07,,,Columbia_River_75
,,2021-01-08,,,Columbia_River_75
,0.1339516888097457,2021-01-15,-1.7092943991502354,0.1656660800000209,Columbia_River_75
,0.2909485173011086,2021-01-23,1.9082248507096973,2.5945425133628484,Columbia_River_75
,,2021-02-08,,,Columbia_River_75
,-0.0018502548780948,2021-02-16,-3.293904211687188,-0.4347660999999903,Columbia_River_75
,0.2793974237982448,2021-02-24,8.532787340379627,3.592953898812522,Columbia_River_75
,0.2400750438796658,2021-02-25,9.21724998312084,3.3331033562134404,Columbia_River_75
,,2021-03-04,,,Columbia_River_75
,0.2098148382372326,2021-03-12,7.619798030000027,,Columbia_River_75
,,2021-03-13,,,Columbia_River_75
,0.1773670974277681,2021-03-20,11.820393046422032,4.394446420526323,Columbia_River_75
,0.2439351812005043,2021-03-28,21.43000939887045,7.562499826511647,Columbia_River_75
,0.2398736355722845,2021-03-29,13.407458418432023,5.642473460000019,Columbia_River_75
,0.2480334676522471,2021-04-05,21.570001055344235,7.270490829806426,Columbia_River_75
,0.2927203723329828,2021-04-13,24.81440499739545,10.19062674360251,Columbia_River_75
,0.2869003535575026,2021-04-14,24.068872515561324,8.151487847548623,Columbia_River_75
,0.2698532575446595,2021-04-21,27.187916858917728,9.609303272603585,Columbia_River_75
,,2021-04-29,,,Columbia_River_75
,,2021-04-30,,,Columbia_River_75
,0.2952911496093328,2021-05-07,25.182316182469577,10.564563243757922,Columbia_River_75
,0.3379162009781482,2021-05-15,35.94714320899501,15.68694530687132,Columbia_River_75
,0.4079789262086098,2021-05-16,34.571192104829684,13.194536466488632,Columbia_River_75
,0.3027079408768968,2021-05-23,32.80035127904201,13.28204142583636,Columbia_River_75
,0.3475625075992986,2021-05-31,40.82076475345312,19.3635437765863,Columbia_River_75
,0.467163173100217,2021-06-01,35.608271679111134,15.398852834269238,Columbia_River_75
,0.2690709166176069,2021-06-08,29.89393308960185,13.889741033749946,Columbia_River_75
,,2021-06-16,,,Columbia_River_75
,0.3655241877245515,2021-06-17,35.45769915714287,16.185548555099352,Columbia_River_75
,0.2324087469937171,2021-06-24,27.59533874888644,16.09371969694578,Columbia_River_75
,0.316418753851106,2021-07-02,45.11557748313821,23.811067294375203,Columbia_River_75
,0.3339560111194741,2021-07-03,38.388969434545466,20.19621694264167,Columbia_River_75
,0.2948791399863537,2021-07-10,40.87676802708181,20.15241264317662,Columbia_River_75
,0.3162671390866192,2021-07-18,42.82226956295515,24.306774163844715,Columbia_River_75
,0.3530005290480934,2021-07-19,39.17630602572402,20.58263888000004,Columbia_River_75
,0.2715850632453627,2021-07-26,40.94416287708386,21.61001018385269,Columbia_River_75
,0.267821236351477,2021-08-03,43.82027910373739,24.555211783414656,Columbia_River_75
,0.3414597107277198,2021-08-04,36.67470517374985,21.20093593522421,Columbia_River_75
,0.3029179047473898,2021-08-11,43.378024295041406,23.76533505916837,Columbia_River_75
,0.3104033199460734,2021-08-19,38.80932642762542,24.93549233567927,Columbia_River_75
,,2021-08-20,,,Columbia_River_75
,0.3013175908567932,2021-08-27,32.30644030068227,21.34546372038473,Columbia_River_75
,0.2594797126500384,2021-09-04,24.43342707413334,16.59440633714287,Columbia_River_75
,0.4196723252534866,2021-09-05,34.43677704293823,23.230240419525053,Columbia_River_75
,0.2046481455147167,2021-09-12,26.04995176000001,20.889208670696657,Columbia_River_75
,0.3322016354402795,2021-09-20,29.43638856577154,20.71666312897528,Columbia_River_75
,0.3886853732726931,2021-09-21,23.43837600683916,17.52464859633872,Columbia_River_75
,,2021-09-28,,,Columbia_River_75
,0.3083535241647328,2021-10-06,24.475411014561768,18.154254789239275,Columbia_River_75
,0.3031790447880645,2021-10-07,18.53312800048924,16.681401521989724,Columbia_River_75
,0.2438028139967314,2021-10-14,12.294961624189842,13.315928360000044,Columbia_River_75
,,2021-10-22,,,Columbia_River_75
,0.0981349274516105,2021-10-23,0.3103622600000335,,Columbia_River_75
,0.2556303457680653,2021-10-30,9.530437116973085,12.778343673996604,Columbia_River_75
,0.3001765645556341,2021-11-07,10.284519173458984,11.656344112429212,Columbia_River_75
,0.2250961983533477,2021-11-08,7.528362139047826,11.187027195705191,Columbia_River_75
,0.433137477608122,2021-11-09,5.715893569812271,8.47489746826089,Columbia_River_75
,,2021-11-15,,,Columbia_River_75
,,2021-11-23,,,Columbia_River_75
,,2021-11-24,,,Columbia_River_75
,0.3372516761137287,2021-12-01,9.36953943500001,8.486707846522387,Columbia_River_75
,0.2792766345477279,2021-12-09,3.09347498672124,5.719338355595603,Columbia_River_75
,,2021-12-17,,,Columbia_River_75
,,2021-12-25,,,Columbia_River_75
,,2022-01-02,,,Columbia_River_75
,,2022-02-03,,,Columbia_River_75
,,2022-02-11,,,Columbia_River_75
,0.0368563146994298,2022-02-12,1.1594015354871132,1.6664662522420783,Columbia_River_75
,,2022-02-19,,,Columbia_River_75
,0.3650594800710678,2022-02-27,1.4929971800000317,1.5921197600000028,Columbia_River_75
,0.2052955768798869,2022-03-07,13.337468934888824,4.231157683263914,Columbia_River_75
,0.2755006789202318,2022-03-15,17.93778489114133,6.185569649204566,Columbia_River_75
,0.2248420865318223,2022-03-16,12.662350119732434,4.387364261779482,Columbia_River_75
,,2022-03-23,,,Columbia_River_75
,0.2714773220353309,2022-03-31,22.06096107875012,8.929134678875018,Columbia_River_75
,0.2561327058540218,2022-04-01,16.68503056695644,5.118716437872351,Columbia_River_75
,0.2834122769832611,2022-04-08,24.93700374743924,10.186613132784574,Columbia_River_75
,,2022-04-16,,,Columbia_River_75
,0.236287900140879,2022-04-24,16.555594534436114,7.779305630000016,Columbia_River_75
,0.3105168727311221,2022-05-09,21.54060333524728,10.013479039281734,Columbia_River_75
,0.3572442697557721,2022-05-10,28.93441812279475,13.310054215950345,Columbia_River_75
,0.3693526497001091,2022-05-18,27.187217933614512,11.9340759122414,Columbia_River_75
,,2022-05-21,,,Columbia_River_75
,,2022-05-26,,,Columbia_River_75
,0.3612038486522545,2022-06-07,28.805347342388107,12.464155273403732,Columbia_River_75
,0.4016161158030197,2022-06-11,32.56938206409042,16.441177267586205,Columbia_River_75
,0.3788615389443711,2022-06-19,34.93802286358234,17.06870463444399,Columbia_River_75
,0.3454545582279483,2022-06-24,31.68191234217377,15.05108462542586,Columbia_River_75
,0.2909630642571271,2022-06-27,29.88772209722212,17.05296356000002,Columbia_River_75
,0.3028346941101912,2022-07-05,28.12389324003258,16.846743020000027,Columbia_River_75
,,2022-07-06,,,Columbia_River_75
,0.3866877938474135,2022-07-11,34.560435248959614,17.52130207216909,Columbia_River_75
,0.3559082889969083,2022-07-13,38.68685774500656,21.809947539108297,Columbia_River_75
,0.3553356142485351,2022-07-21,42.31661832105385,23.193131309642883,Columbia_River_75
,0.3576983631080675,2022-07-23,34.19778600571359,19.01289928072324,Columbia_River_75
,0.316015095540928,2022-07-28,39.81046974267302,19.09137084700235,Columbia_River_75
,0.3488245181681332,2022-07-29,45.6870884679669,25.124474390469707,Columbia_River_75
,0.3418364951364752,2022-08-06,38.56211551772357,22.810303949310352,Columbia_River_75
,,2022-08-09,,,Columbia_River_75
,0.3456483448311429,2022-08-14,31.314169079241413,19.65811479933505,Columbia_River_75
,,2022-08-22,,,Columbia_River_75
,0.3069784722138534,2022-08-26,36.32235162131068,21.45715971740067,Columbia_River_75
,0.2717791860280813,2022-08-30,30.43837614227573,21.78138732285715,Columbia_River_75
,,2022-08-31,,,Columbia_River_75
,0.4392835348899192,2022-09-07,32.1805233033135,21.68226474285716,Columbia_River_75
,,2022-09-12,,,Columbia_River_75
,0.3536134111208969,2022-09-15,28.811399379147417,21.409934285966127,Columbia_River_75
,,2022-09-17,,,Columbia_River_75
,0.3453829660908398,2022-09-23,30.170846642401862,20.684246034875617,Columbia_River_75
,0.4120462237735687,2022-09-29,22.91023781016129,19.58940310251888,Columbia_River_75
,0.341848098924023,2022-10-01,28.403617580118503,20.52855820800005,Columbia_River_75
,0.1423462495843278,2022-10-04,19.916958596566456,18.381952603424093,Columbia_River_75
,0.3614511327787972,2022-10-09,25.28511121336469,19.88911906156252,Columbia_River_75
,0.3185680740156167,2022-10-16,16.706902922999113,16.814981392984365,Columbia_River_75
,0.3417444699439741,2022-10-17,22.40696297439819,18.219513481297515,Columbia_River_75
,,2022-10-25,,,Columbia_River_75
,0.4204080402851105,2022-11-02,4.8392387600000575,9.204050300000006,Columbia_River_75
,0.0526607558029139,2022-11-07,1.3603340249962137,2.977755756556641,Columbia_River_75
,,2022-11-10,,,Columbia_River_75
,0.3086000090522049,2022-11-18,4.466437161272329,9.52817133022248,Columbia_River_75
,0.316233093949433,2022-11-26,4.599253104405348,8.530350789772742,Columbia_River_75
,,2022-12-04,,,Columbia_River_75
,-0.0275357036493326,2022-12-12,-0.7834570018948868,5.032641725000024,Columbia_River_75
,-0.0803264504883155,2022-12-28,-5.98706483822321,-1.877170539999952,Columbia_River_75
,,2023-01-21,,,Columbia_River_75
,0.2147312641283212,2023-01-29,1.0301765174193758,1.0970500870940796,Columbia_River_75
,,2023-02-06,,,Columbia_River_75
,0.1991549550216665,2023-02-14,8.221156630341804,3.095888340312519,Columbia_River_75
,,2023-02-22,,,Columbia_River_75
,0.2152188177863877,2023-03-02,11.219625090483143,3.469105795330797,Columbia_River_75
,0.1854085098238191,2023-03-11,5.288397660909109,2.7770061830826624,Columbia_River_75
,0.1659263724872159,2023-03-16,6.095949791764916,3.0766002760581777,Columbia_River_75
,0.2284690626424995,2023-03-18,18.15245837755818,6.563079285452302,Columbia_River_75
,0.2246084740839096,2023-03-26,15.027310132173284,4.779674735000012,Columbia_River_75
,0.1165503772596518,2023-04-02,4.565797159999988,5.7039978200000405,Columbia_River_75
,0.252020462960773,2023-04-03,20.939799563030057,7.438932680571028,Columbia_River_75
,0.2793972881274573,2023-04-11,20.03119338244856,8.56389345939657,Columbia_River_75
,0.1899594636391201,2023-04-19,23.072396161129383,8.558924919090924,Columbia_River_75
,0.2713581733728524,2023-04-24,20.062551407580088,7.58741211365485,Columbia_River_75
,0.2637095521435725,2023-04-27,27.557209800259784,11.158648673191513,Columbia_River_75
,0.2440407673243527,2023-04-29,17.44397586174102,6.287205117914727,Columbia_River_75
,0.3341634514064343,2023-05-13,37.31062035835296,16.067236125867694,Columbia_River_75
,,2023-05-16,,,Columbia_River_75
,0.3188472522687598,2023-05-21,31.687015499363035,13.812509207804162,Columbia_River_75
,0.3479195471146536,2023-05-29,39.42657391129608,19.434108451950312,Columbia_River_75
,0.3473188922574631,2023-06-06,40.30572144118842,20.81434319348157,Columbia_River_75
,,2023-06-07,,,Columbia_River_75
,0.3490538388071865,2023-06-12,35.05126202580397,16.8507268182818,Columbia_River_75
,0.3240642718305961,2023-06-14,34.200581218894094,19.561769141111125,Columbia_River_75
,0.3573175552971672,2023-06-22,38.07342921350436,20.69011990976289,Columbia_River_75
,0.3612408577784208,2023-06-29,34.31593857197702,17.84423568184612,Columbia_River_75
,0.3476376569070523,2023-06-30,44.30679302321953,23.37265865581403,Columbia_River_75
,0.3166764641279183,2023-07-04,31.67336075479789,17.85799415338961,Columbia_River_75
,0.3264087463904085,2023-07-08,44.38223206746071,24.15022672068968,Columbia_River_75
,0.2989565136155235,2023-07-16,29.888927886528712,21.030399500000016,Columbia_River_75
,0.361352396983627,2023-07-21,36.69273849450491,20.237497628810416,Columbia_River_75
,,2023-07-24,,,Columbia_River_75
,0.3469910112429799,2023-07-26,29.565984039888463,19.34786071446548,Columbia_River_75
,0.3304957866260941,2023-08-01,40.81579867417162,24.094654430000023,Columbia_River_75
,0.3557724795229793,2023-08-09,37.57063525397855,23.43969719074854,Columbia_River_75
,0.3966378701177049,2023-08-17,28.939583125950435,20.93822814918283,Columbia_River_75
,0.2359656081929633,2023-08-22,27.10127850870585,20.33506409223744,Columbia_River_75
,,2023-08-25,,,Columbia_River_75
,0.3457110952594696,2023-09-02,35.93739650545721,23.56521741842304,Columbia_River_75
,0.3883298368142603,2023-09-08,23.41324004714275,19.31675146539912,Columbia_River_75
,0.3807679072893583,2023-09-10,33.559104120425616,22.683401149397387,Columbia_River_75
,0.3885156644008364,2023-09-13,24.904591192233674,20.47133766187838,Columbia_River_75
,0.3379741674172221,2023-09-18,30.17506348576732,21.4683781928378,Columbia_River_75
,,2023-09-26,,,Columbia_River_75
,0.3484585444008379,2023-10-04,30.593668696734383,21.093083582295865,Columbia_River_75
,0.3643325598421276,2023-10-05,18.472589994736204,16.922243928377824,Columbia_River_75
,0.340205079011499,2023-10-12,22.90865087424225,18.279850932324123,Columbia_River_75
,0.4022275331785352,2023-10-15,15.168278339484058,16.860320632805557,Columbia_River_75
,0.1771486289799213,2023-10-20,19.81016636000004,,Columbia_River_75
,0.3161748770311048,2023-10-28,11.346345451335152,13.280039150000023,Columbia_River_75
,,2023-11-05,,,Columbia_River_75
,,2023-11-13,,,Columbia_River_75
,,2023-11-21,,,Columbia_River_75
,,2023-11-29,,,Columbia_River_75
,,2023-12-07,,,Columbia_River_75
,,2023-12-15,,,Columbia_River_75
,0.3066376025322953,2023-12-23,4.713901475118845,6.220880570171451,Columbia_River_75
,0.0037244735977767,2024-01-16,-10.157649515714274,-1.859906514203522,Columbia_River_75
,0.2713674706987703,2024-02-09,9.221028908880449,5.329347116840006,Columbia_River_75
,0.1935480807533458,2024-02-25,11.15404636846862,5.532330712068985,Columbia_River_75
