date,avg_temp(C)
1999-03-23,6.23
1999-03-24,6.18
1999-03-25,6.27
1999-03-26,6.08
1999-03-27,5.99
1999-03-28,6.05
1999-03-29,6.11
1999-03-30,6.14
1999-03-31,6.06
1999-04-01,6.14
1999-04-02,6.32
1999-04-03,6.37
1999-04-04,6.19
1999-04-05,6.14
1999-04-06,6.34
1999-04-07,6.74
1999-04-08,6.79
1999-04-09,6.34
1999-04-13,7.66
1999-04-14,7.52
1999-04-15,7.66
1999-04-16,8.08
1999-04-17,8.46
1999-04-18,8.66
1999-04-19,8.39
1999-04-20,8.45
1999-04-21,8.52
1999-04-22,8.8
1999-04-23,8.8
1999-04-24,9.11
1999-04-25,9.29
1999-04-26,9.2
1999-04-27,9.09
1999-04-28,8.99
1999-04-29,9.15
1999-04-30,9.52
1999-05-01,9.6
1999-05-02,9.24
1999-05-03,9.28
1999-05-04,9.2
1999-05-05,9.47
1999-05-06,9.85
1999-05-07,9.89
1999-05-08,9.8
1999-05-09,9.76
1999-05-10,9.86
1999-05-11,10.06
1999-05-12,10.41
1999-05-13,10.46
1999-05-14,10.44
1999-05-15,10.76
1999-05-16,10.82
1999-05-17,10.98
1999-05-18,11.32
1999-05-19,11.64
1999-05-20,11.51
1999-05-21,11.79
1999-05-22,12.17
1999-05-23,12.64
1999-05-24,13.21
1999-05-25,13.49
1999-05-26,13.19
1999-06-22,15.5
1999-06-23,15.23
1999-06-24,15.12
1999-06-25,14.94
1999-06-26,15.01
1999-06-27,15.0
1999-06-28,15.03
1999-06-29,15.12
1999-06-30,15.07
1999-07-01,15.02
1999-07-02,14.86
1999-07-03,14.58
1999-07-04,14.97
1999-07-05,15.13
1999-07-06,15.77
1999-07-07,15.93
1999-07-08,15.95
1999-07-09,16.1
1999-07-10,16.45
1999-07-11,16.74
1999-07-12,17.08
1999-07-13,17.3
1999-07-14,17.13
1999-07-15,16.74
1999-07-16,16.81
1999-07-17,16.99
1999-07-18,16.9
1999-07-19,17.21
1999-07-20,17.18
1999-07-21,17.05
1999-07-22,17.2
1999-07-23,17.36
1999-07-24,17.55
1999-07-25,17.52
1999-07-26,17.75
1999-07-27,18.06
1999-07-28,18.39
1999-07-29,18.47
1999-07-30,18.48
1999-07-31,18.63
1999-08-01,18.66
1999-08-02,18.95
1999-08-03,19.01
1999-08-04,19.15
1999-08-05,19.34
1999-08-06,19.28
1999-08-07,18.98
1999-08-08,18.71
1999-08-09,19.01
1999-08-10,19.13
1999-08-11,19.29
1999-08-12,19.02
1999-08-13,18.95
1999-08-14,18.66
1999-08-15,18.58
1999-08-16,18.78
1999-08-17,19.02
1999-08-18,19.16
1999-08-19,19.28
1999-08-20,19.48
1999-08-21,19.64
1999-08-22,19.65
1999-08-23,19.55
1999-08-24,19.7
1999-08-25,19.8
1999-08-26,19.91
1999-08-27,20.05
1999-08-28,20.17
1999-08-29,20.33
1999-08-30,19.47
1999-08-31,18.22
1999-09-01,18.39
1999-09-02,18.56
1999-09-03,18.5
1999-09-04,18.53
1999-09-05,18.48
1999-09-06,18.42
1999-09-07,18.12
1999-09-08,18.02
1999-09-09,18.18
1999-09-10,18.21
1999-09-11,18.06
1999-09-12,17.91
1999-09-13,18.01
1999-09-14,18.24
1999-09-15,18.36
1999-09-16,
1999-12-31,5.11
2000-03-22,5.78
2000-03-23,5.61
2000-03-24,5.79
2000-03-25,6.0
2000-03-26,6.19
2000-03-27,6.64
2000-03-28,6.55
2000-03-29,6.47
2000-03-30,6.57
2000-03-31,6.8
2000-04-01,7.0
2000-04-02,7.62
2000-04-03,8.23
2000-04-04,8.33
2000-04-05,7.85
2000-04-06,7.56
2000-04-07,7.58
2000-04-08,7.95
2000-04-09,8.04
2000-04-10,8.48
2000-04-11,8.41
2000-04-12,8.55
2000-04-13,8.55
2000-04-14,8.24
2000-04-15,8.34
2000-04-16,8.48
2000-04-17,8.61
2000-04-18,8.57
2000-04-19,8.69
2000-04-20,8.77
2000-04-21,9.05
2000-04-22,9.29
2000-04-23,8.98
2000-04-24,8.85
2000-04-25,8.9
2000-04-26,8.81
2000-04-27,9.1
2000-04-28,9.14
2000-04-29,9.22
2000-04-30,9.56
2000-05-01,9.86
2000-05-02,10.28
2000-05-03,10.3
2000-05-04,10.33
2000-05-05,10.45
2000-05-06,10.52
2000-05-07,10.78
2000-05-08,11.08
2000-05-09,10.96
2000-05-10,10.69
2000-05-11,10.64
2000-05-12,10.71
2000-05-13,11.08
2000-05-14,11.4
2000-05-15,11.87
2000-05-16,12.25
2000-05-17,12.46
2000-05-18,12.6
2000-05-19,12.78
2000-05-20,12.94
2000-05-21,13.17
2000-05-22,13.35
2000-05-23,13.34
2000-05-24,13.39
2000-05-25,13.24
2000-05-26,13.09
2000-05-27,13.39
2000-05-28,13.19
2000-05-29,13.54
2000-05-30,13.37
2000-05-31,12.82
2000-06-01,13.11
2000-06-02,13.63
2000-06-03,13.88
2000-06-04,14.26
2000-06-05,14.75
2000-06-06,14.52
2000-06-07,14.48
2000-06-08,14.43
2000-06-09,14.1
2000-06-10,14.3
2000-06-11,13.94
2000-06-12,14.05
2000-06-13,14.28
2000-06-14,14.93
2000-06-15,15.06
2000-06-16,14.9
2000-06-17,15.24
2000-06-18,15.57
2000-06-19,15.61
2000-06-20,15.59
2000-06-21,15.88
2000-06-22,16.23
2000-06-23,16.25
2000-06-24,16.2
2000-06-25,16.32
2000-06-26,16.66
2000-06-27,16.89
2000-06-28,17.03
2000-06-29,17.1
2000-06-30,17.19
2000-07-01,17.29
2000-07-02,17.16
2000-07-03,17.01
2000-07-04,16.42
2000-07-05,16.6
2000-07-06,16.88
2000-07-07,17.02
2000-07-08,17.28
2000-07-09,17.29
2000-07-10,17.58
2000-07-11,17.69
2000-07-12,17.61
2000-07-13,17.56
2000-07-14,17.64
2000-07-15,17.51
2000-07-16,17.78
2000-07-17,18.27
2000-07-18,18.68
2000-07-19,18.63
2000-07-20,18.63
2000-07-21,18.86
2000-07-22,19.22
2000-07-23,19.27
2000-07-24,19.48
2000-07-25,19.32
2000-07-26,19.11
2000-07-27,19.17
2000-07-28,19.35
2000-07-29,19.68
2000-07-30,20.01
2000-07-31,20.36
2000-08-01,20.27
2000-08-02,20.08
2000-08-03,19.99
2000-08-04,19.96
2000-08-05,20.08
2000-08-06,20.24
2000-08-07,20.36
2000-08-08,20.37
2000-08-09,20.6
2000-08-10,20.49
2000-08-11,19.67
2000-08-12,19.57
2000-08-13,19.6
2000-08-14,19.67
2000-08-15,19.64
2000-08-16,19.54
2000-08-17,19.61
2000-08-18,19.67
2000-08-19,19.51
2000-08-20,19.28
2000-08-21,19.54
2000-08-22,19.66
2000-08-23,19.79
2000-08-24,20.22
2000-08-25,20.47
2000-08-26,20.13
2000-08-27,19.63
2000-08-28,19.5
2000-08-29,19.31
2000-08-30,19.62
2000-08-31,19.78
2000-09-01,19.3
2000-09-02,18.53
2000-09-03,18.02
2000-09-04,18.33
2000-09-05,18.6
2000-09-06,18.49
2000-09-07,18.52
2000-09-08,18.22
2000-09-09,17.75
2000-09-10,17.7
2000-09-11,18.1
2000-09-12,18.29
2000-09-13,18.62
2000-09-14,18.91
2000-09-15,19.1
2000-09-16,18.95
2000-09-17,18.94
2000-09-18,19.12
2000-09-19,19.04
2000-09-20,18.63
2000-09-21,18.21
2000-09-22,17.08
2000-09-23,16.93
2000-09-24,17.27
2000-09-25,17.29
2000-09-26,17.51
2000-09-27,17.61
2000-09-28,17.71
2000-09-29,17.58
2000-09-30,17.4
2000-10-01,17.41
2000-10-02,17.14
2000-10-03,16.6
2000-10-04,16.36
2000-10-05,16.1
2000-10-06,15.76
2000-10-07,15.83
2000-10-08,15.87
2000-10-09,15.75
2000-10-10,15.62
2000-10-11,15.55
2000-10-12,15.52
2000-10-13,15.64
2000-10-14,15.68
2000-10-15,15.23
2000-10-16,14.91
2000-10-17,14.92
2000-10-18,15.16
2000-10-19,15.11
2000-10-20,14.93
2000-10-21,14.48
2000-10-22,14.04
2000-10-23,13.57
2000-10-24,13.5
2000-10-25,13.39
2000-10-26,13.44
2000-10-27,13.5
2000-10-28,13.52
2000-10-29,13.17
2000-10-30,13.04
2000-10-31,12.88
2000-11-01,13.01
2000-11-02,12.77
2000-11-03,12.61
2000-11-04,12.33
2000-11-05,12.14
2000-11-06,12.2
2000-11-07,11.99
2000-11-08,11.81
2000-11-09,11.59
2000-11-10,11.13
2000-11-11,10.68
2000-11-12,10.57
2000-11-13,10.34
2000-11-14,10.16
2000-11-15,10.05
2000-11-16,9.9
2000-11-17,10.0
2000-11-18,9.83
2000-11-19,9.54
2000-11-20,9.24
2000-11-21,9.07
2000-11-22,8.91
2000-11-23,8.83
2000-11-24,8.62
2000-11-25,8.51
2000-11-26,8.38
2000-11-27,8.55
2000-11-28,8.36
2000-11-29,8.12
2000-11-30,8.09
2000-12-01,8.24
2000-12-02,8.18
2000-12-03,8.1
2000-12-04,7.84
2000-12-05,7.91
2000-12-06,7.88
2000-12-07,7.85
2000-12-08,7.83
2000-12-09,7.77
2000-12-10,7.57
2000-12-11,6.87
2000-12-12,6.34
2000-12-13,6.3
2000-12-14,5.94
2000-12-15,5.74
2000-12-16,5.38
2000-12-17,5.35
2000-12-18,5.17
2000-12-19,5.06
2000-12-20,4.89
2000-12-21,4.91
2000-12-22,4.89
2000-12-23,5.01
2000-12-24,5.09
2000-12-25,4.94
2000-12-26,4.93
2000-12-27,5.0
2000-12-28,5.1
2000-12-29,5.07
2000-12-30,5.13
2000-12-31,5.16
2001-01-01,5.08
2001-01-02,5.1
2001-01-03,5.04
2001-01-04,5.02
2001-01-05,5.09
2001-01-06,4.8
2001-01-07,4.43
2001-01-08,4.22
2001-01-09,4.11
2001-01-10,4.01
2001-01-11,3.95
2001-01-12,4.04
2001-01-13,4.09
2001-01-14,4.03
2001-01-15,3.94
2001-01-16,3.6
2001-01-17,3.46
2001-01-18,3.34
2001-01-19,3.28
2001-01-20,3.3
2001-01-21,3.32
2001-01-22,3.33
2001-01-23,3.28
2001-01-24,3.07
2001-01-25,3.11
2001-01-26,2.92
2001-01-27,2.98
2001-01-28,2.9
2001-01-29,2.93
2001-01-30,2.92
2001-01-31,3.18
2001-02-01,3.27
2001-02-02,3.36
2001-02-03,3.61
2001-02-04,3.58
2001-02-05,3.65
2001-02-06,3.52
2001-02-07,2.99
2001-02-08,2.9
2001-02-09,2.79
2001-02-10,2.69
2001-02-11,2.84
2001-02-12,3.05
2001-02-13,3.0
2001-02-14,3.01
2001-02-15,3.13
2001-02-16,2.75
2001-02-17,2.57
2001-02-18,2.79
2001-02-19,3.04
2001-02-20,3.25
2001-02-21,3.27
2001-02-22,3.25
2001-02-23,3.3
2001-02-24,3.58
2001-02-25,3.61
2001-02-26,3.58
2001-02-27,3.48
2001-02-28,3.47
2001-03-01,3.45
2001-03-02,3.64
2001-03-03,3.67
2001-03-04,3.66
2001-03-05,3.95
2001-03-06,4.21
2001-03-07,4.42
2001-03-08,4.52
2001-03-09,4.33
2001-03-10,4.49
2001-03-11,4.77
2001-03-12,5.16
2001-03-13,5.52
2001-03-14,5.58
2001-03-15,5.43
2001-03-16,5.21
2001-03-17,5.35
2001-03-18,5.63
2001-03-19,6.36
2001-03-20,
2001-03-21,
2001-03-22,
2001-03-23,6.51
2001-03-24,6.43
2001-03-25,6.87
2001-03-26,6.89
2001-03-27,6.58
2001-03-28,6.29
2001-03-29,6.26
2001-03-30,6.47
2001-03-31,6.65
2001-04-01,6.58
2001-04-02,6.66
2001-04-03,6.41
2001-04-04,6.54
2001-04-05,6.98
2001-04-06,7.07
2001-04-07,7.15
2001-04-08,7.19
2001-04-09,7.37
2001-04-10,7.42
2001-04-11,7.15
2001-04-12,7.06
2001-04-13,7.01
2001-04-14,7.16
2001-04-15,7.44
2001-04-16,7.93
2001-04-17,8.57
2001-04-18,8.51
2001-04-19,8.46
2001-04-20,8.72
2001-04-21,8.86
2001-04-22,9.28
2001-04-23,9.35
2001-04-24,9.46
2001-04-25,9.84
2001-04-26,10.31
2001-04-27,10.56
2001-04-28,10.82
2001-04-29,10.43
2001-04-30,10.17
2001-05-01,10.02
2001-05-02,10.33
2001-05-03,10.69
2001-05-04,11.17
2001-05-05,11.17
2001-05-06,11.0
2001-05-07,11.17
2001-05-08,11.48
2001-05-09,11.88
2001-05-10,12.04
2001-05-11,12.17
2001-05-12,
2001-05-13,
2001-05-14,13.21
2001-05-15,12.81
2001-05-16,12.52
2001-05-17,12.75
2001-05-18,12.51
2001-05-19,12.72
2001-05-20,13.04
2001-05-21,13.32
2001-05-22,13.82
2001-05-23,13.79
2001-05-24,14.17
2001-05-25,14.59
2001-05-26,15.0
2001-05-27,15.57
2001-05-28,15.63
2001-05-29,15.22
2001-05-30,14.87
2001-05-31,15.06
2001-06-01,15.44
2001-06-02,14.93
2001-06-03,14.58
2001-06-04,14.47
2001-06-05,14.35
2001-06-06,14.21
2001-06-07,15.05
2001-06-08,15.31
2001-06-09,15.24
2001-06-10,15.07
2001-06-11,15.0
2001-06-12,13.98
2001-06-13,13.83
2001-06-14,14.46
2001-06-15,14.53
2001-06-16,14.5
2001-06-17,14.49
2001-06-18,14.43
2001-06-19,14.7
2001-06-20,14.8
2001-06-21,15.6
2001-06-22,16.2
2001-06-23,16.15
2001-06-24,16.0
2001-06-25,15.38
2001-06-26,15.75
2001-06-27,16.02
2001-06-28,16.22
2001-06-29,16.5
2001-06-30,16.7
2001-07-01,16.79
2001-07-02,16.95
2001-07-03,17.09
2001-07-04,17.37
2001-07-05,17.89
2001-07-06,18.3
2001-07-07,18.08
2001-07-08,18.46
2001-07-09,18.86
2001-07-10,19.01
2001-07-11,18.74
2001-07-12,18.78
2001-07-13,19.46
2001-07-14,19.83
2001-07-15,19.73
2001-07-16,19.39
2001-07-17,18.78
2001-07-18,18.63
2001-07-19,18.6
2001-07-20,18.98
2001-07-21,18.77
2001-07-22,19.06
2001-07-23,19.98
2001-07-24,20.34
2001-07-25,20.19
2001-07-26,20.41
2001-07-27,20.31
2001-07-28,20.11
2001-07-29,19.54
2001-07-30,19.27
2001-07-31,19.4
2001-08-01,19.53
2001-08-02,19.46
2001-08-03,19.74
2001-08-04,19.73
2001-08-05,19.56
2001-08-06,19.99
2001-08-07,20.37
2001-08-08,19.99
2001-08-09,19.84
2001-08-10,20.23
2001-08-11,20.46
2001-08-12,20.52
2001-08-13,20.78
2001-08-14,20.73
2001-08-15,20.48
2001-08-16,20.36
2001-08-17,20.36
2001-08-18,20.24
2001-08-19,19.65
2001-08-20,19.49
2001-08-21,19.45
2001-08-22,19.37
2001-08-23,19.12
2001-08-24,18.9
2001-08-25,19.12
2001-08-26,19.25
2001-08-27,19.61
2001-08-28,19.57
2001-08-29,19.4
2001-08-30,19.55
2001-08-31,19.81
2001-09-01,19.77
2001-09-02,19.62
2001-09-03,19.66
2001-09-04,19.68
2001-09-05,19.45
2001-09-06,18.72
2001-09-07,18.29
2001-09-08,18.07
2001-09-09,18.03
2001-09-10,18.31
2001-09-11,18.77
2001-09-12,19.02
2001-09-13,19.09
2001-09-14,19.33
2001-09-15,19.48
2001-09-16,19.77
2001-09-17,19.91
2001-09-18,19.76
2001-09-19,19.21
2001-09-20,18.78
2001-09-21,18.64
2001-09-22,18.7
2001-09-23,18.98
2001-09-24,19.22
2001-09-25,18.93
2001-09-26,18.14
2001-09-27,18.05
2001-09-28,17.85
2001-09-29,17.77
2001-09-30,17.82
2001-10-01,18.08
2001-10-02,18.2
2001-10-03,18.12
2001-10-04,17.84
2001-10-05,17.17
2001-10-06,16.93
2001-10-07,16.71
2001-10-08,16.11
2001-10-09,15.81
2001-10-10,14.87
2001-10-11,15.15
2001-10-12,14.86
2001-10-13,14.8
2001-10-14,15.17
2001-10-15,15.19
2001-10-16,15.16
2001-10-17,14.82
2001-10-18,14.5
2001-10-19,14.53
2001-10-20,14.63
2001-10-21,14.22
2001-10-22,13.56
2001-10-23,13.04
2001-10-24,12.71
2001-10-25,12.88
2001-10-26,13.37
2001-10-27,13.44
2001-10-28,13.28
2001-10-29,12.85
2001-10-30,12.58
2001-10-31,12.49
2001-11-02,13.14
2001-11-03,13.2
2001-11-04,12.98
2001-11-05,12.73
2001-11-06,12.29
2001-11-07,11.87
2001-11-08,11.85
2001-11-09,11.68
2001-11-10,11.41
2001-11-11,11.08
2001-11-12,10.7
2001-11-13,11.19
2001-11-14,11.86
2001-11-15,12.08
2001-11-16,12.17
2001-11-17,12.13
2001-11-18,11.86
2001-11-19,11.51
2001-11-20,11.32
2001-11-21,11.42
2001-11-22,11.37
2001-11-23,10.94
2001-11-24,10.66
2001-11-25,10.38
2001-11-26,10.06
2001-11-27,9.91
2001-11-28,9.82
2001-11-29,9.63
2001-11-30,9.56
2001-12-01,9.62
2001-12-02,9.34
2001-12-03,8.9
2001-12-04,8.51
2001-12-05,8.69
2001-12-06,8.81
2001-12-07,8.73
2001-12-08,8.54
2001-12-09,8.34
2001-12-10,8.02
2001-12-11,8.03
2001-12-12,8.0
2001-12-13,8.06
2001-12-14,8.0
2001-12-15,7.56
2001-12-16,7.55
2001-12-17,7.69
2001-12-18,7.22
2001-12-19,7.04
2001-12-20,6.97
2001-12-21,7.16
2001-12-22,7.22
2001-12-23,7.04
2001-12-24,6.66
2001-12-25,6.27
2001-12-26,6.13
2001-12-27,6.15
2001-12-28,6.24
2001-12-29,6.16
2001-12-30,6.24
2001-12-31,6.26
2002-01-01,6.36
2002-01-02,6.45
2002-01-03,6.46
2002-01-04,6.36
2002-01-05,6.45
2002-01-06,6.52
2002-01-07,6.63
2002-01-08,7.07
2002-01-09,6.96
2002-01-10,6.54
2002-01-11,6.47
2002-01-12,6.61
2002-01-13,6.27
2002-01-14,5.97
2002-01-15,5.63
2002-01-16,5.4
2002-01-17,5.31
2002-01-18,5.18
2002-01-19,5.38
2002-01-20,5.32
2002-01-21,5.27
2002-01-22,4.88
2002-01-23,4.61
2002-01-24,4.85
2002-01-25,5.26
2002-01-26,5.09
2002-01-27,4.58
2002-01-28,4.42
2002-01-29,4.22
2002-01-30,4.22
2002-01-31,4.3
2002-02-01,4.34
2002-02-02,4.21
2002-02-03,4.03
2002-02-04,3.84
2002-02-05,3.66
2002-02-06,3.47
2002-02-07,3.82
2002-02-08,3.98
2002-02-09,3.91
2002-02-10,3.77
2002-02-11,3.92
2002-02-12,3.69
2002-02-13,3.59
2002-02-14,3.58
2002-02-15,3.67
2002-02-16,3.72
2002-02-17,3.73
2002-02-18,4.03
2002-02-19,4.25
2002-02-20,4.09
2002-02-21,4.11
2002-02-22,4.55
2002-02-23,4.97
2002-02-24,4.75
2002-02-25,4.05
2002-02-26,3.89
2002-02-27,3.8
2002-02-28,3.85
2002-03-01,4.05
2002-03-02,4.03
2002-03-03,4.1
2002-03-04,4.3
2002-03-05,4.43
2002-03-06,4.26
2002-03-07,3.96
2002-03-08,3.95
2002-03-09,3.93
2002-03-10,4.07
2002-03-11,4.47
2002-03-12,5.08
2002-03-13,4.91
2002-03-14,4.79
2002-03-15,4.63
2002-03-16,4.53
2002-03-17,4.31
2002-03-18,4.11
2002-03-19,4.18
2002-03-20,4.3
2002-03-21,3.58
2002-03-22,3.69
2002-03-23,4.16
2002-03-24,4.36
2002-03-25,5.22
2002-03-26,5.7
2002-03-27,5.75
2002-03-28,5.85
2002-03-29,6.3
2002-03-30,6.45
2002-03-31,6.76
2002-04-01,7.1
2002-04-02,7.06
2002-04-03,7.0
2002-04-04,7.26
2002-04-05,7.3
2002-04-06,7.5
2002-04-07,7.86
2002-04-08,8.17
2002-04-09,8.23
2002-04-10,8.45
2002-04-11,8.46
2002-04-12,8.51
2002-04-13,8.77
2002-04-14,9.01
2002-04-15,8.47
2002-04-16,7.72
2002-04-17,7.59
2002-04-18,7.43
2002-04-19,7.48
2002-04-20,7.54
2002-04-21,7.48
2002-04-22,7.58
2002-04-23,7.24
2002-04-24,7.25
2002-04-25,7.54
2002-04-26,7.62
2002-04-27,7.8
2002-04-28,7.95
2002-04-29,8.38
2002-04-30,8.5
2002-05-01,8.85
2002-05-02,9.35
2002-05-03,9.35
2002-05-04,9.16
2002-05-05,9.08
2002-05-06,9.2
2002-05-07,8.96
2002-05-08,9.19
2002-05-09,9.77
2002-05-10,10.0
2002-05-11,10.22
2002-05-12,10.48
2002-05-13,10.57
2002-05-14,10.22
2002-05-15,10.64
2002-05-16,11.03
2002-05-17,11.27
2002-05-18,11.52
2002-05-19,11.78
2002-05-20,11.91
2002-05-21,11.8
2002-05-22,11.92
2002-05-23,12.05
2002-05-24,12.12
2002-05-25,12.15
2002-05-26,12.1
2002-05-27,12.55
2002-05-28,12.69
2002-05-29,12.62
2002-05-30,12.66
2002-05-31,12.83
2002-06-01,12.84
2002-06-02,13.16
2002-06-03,13.55
2002-06-04,13.38
2002-06-05,13.44
2002-06-06,13.16
2002-06-07,12.66
2002-06-08,12.41
2002-06-09,12.3
2002-06-10,12.79
2002-06-11,13.22
2002-06-12,13.27
2002-06-13,13.56
2002-06-14,14.08
2002-06-15,14.61
2002-06-16,14.94
2002-06-17,14.61
2002-06-18,15.0
2002-06-19,14.45
2002-06-20,14.55
2002-06-21,14.66
2002-06-22,14.9
2002-06-23,15.13
2002-06-24,15.4
2002-06-25,15.66
2002-06-26,15.93
2002-06-27,16.42
2002-06-28,16.2
2002-06-29,15.92
2002-06-30,15.99
2002-07-01,16.0
2002-07-02,15.86
2002-07-03,15.78
2002-07-04,15.52
2002-07-05,15.65
2002-07-06,15.88
2002-07-07,16.09
2002-07-08,16.38
2002-07-09,16.44
2002-07-10,17.07
2002-07-11,17.37
2002-07-12,17.44
2002-07-13,17.69
2002-07-14,17.88
2002-07-15,17.83
2002-07-16,18.02
2002-07-17,18.26
2002-07-18,18.49
2002-07-19,18.73
2002-07-20,18.8
2002-07-21,18.64
2002-07-22,18.77
2002-07-23,19.15
2002-07-24,19.18
2002-07-25,19.32
2002-07-26,19.33
2002-07-27,19.16
2002-07-28,19.2
2002-07-29,19.27
2002-07-30,19.39
2002-07-31,19.2
2002-08-01,19.06
2002-08-02,19.28
2002-08-03,19.02
2002-08-04,18.87
2002-08-05,18.53
2002-08-06,18.49
2002-08-07,18.26
2002-08-08,18.31
2002-08-09,18.55
2002-08-10,18.85
2002-08-11,18.98
2002-08-12,19.14
2002-08-13,19.38
2002-08-14,19.69
2002-08-15,19.89
2002-08-16,19.86
2002-08-17,19.79
2002-08-18,19.86
2002-08-19,20.15
2002-08-20,20.02
2002-08-21,19.86
2002-08-22,19.66
2002-08-23,19.9
2002-08-24,20.12
2002-08-25,20.29
2002-08-26,20.48
2002-08-27,20.51
2002-08-28,20.47
2002-08-29,20.72
2002-08-30,20.63
2002-08-31,20.58
2002-09-01,20.61
2002-09-02,20.29
2002-09-03,20.21
2002-09-04,19.7
2002-09-05,19.5
2002-09-06,19.33
2002-09-07,19.16
2002-09-08,18.97
2002-09-09,18.96
2002-09-10,19.25
2002-09-11,19.45
2002-09-12,19.68
2002-09-13,19.87
2002-09-14,19.87
2002-09-15,19.67
2002-09-16,19.52
2002-09-17,19.11
2002-09-18,19.02
2002-09-19,18.84
2002-09-20,18.63
2002-09-21,18.33
2002-09-22,18.23
2002-09-23,18.32
2002-09-24,18.38
2002-09-25,18.45
2002-09-26,18.32
2002-09-27,18.12
2002-09-28,18.12
2002-09-29,17.77
2002-09-30,16.96
2002-10-01,16.68
2002-10-02,16.78
2002-10-03,16.61
2002-10-04,16.77
2002-10-05,16.89
2002-10-06,16.98
2002-10-07,16.94
2002-10-08,16.8
2002-10-09,16.6
2002-10-10,16.49
2002-10-11,15.83
2002-10-12,15.34
2002-10-13,14.96
2002-10-14,14.82
2002-10-15,15.13
2002-10-16,15.34
2002-10-17,15.4
2002-10-18,15.32
2002-10-19,15.37
2002-10-20,15.46
2002-10-21,15.42
2002-10-22,15.27
2002-10-23,14.95
2002-10-24,14.57
2002-10-25,14.17
2002-10-26,14.04
2002-10-27,13.73
2002-10-28,13.52
2002-10-29,13.35
2002-10-30,11.9
2002-10-31,11.96
2002-11-01,11.97
2002-11-02,11.85
2002-11-03,11.61
2002-11-04,11.3
2002-11-05,11.15
2002-11-06,10.99
2002-11-07,11.27
2002-11-08,11.63
2002-11-09,11.65
2002-11-10,11.67
2002-11-11,11.72
2002-11-12,11.85
2002-11-13,11.97
2002-11-14,12.04
2002-11-15,11.85
2002-11-16,11.59
2002-11-17,11.38
2002-11-18,11.43
2002-11-19,11.54
2002-11-20,11.75
2002-11-21,11.7
2002-11-22,11.6
2002-11-23,11.66
2002-11-24,11.21
2002-11-25,10.62
2002-11-26,10.34
2002-11-27,10.14
2002-11-28,9.84
2002-11-29,9.46
2002-11-30,9.15
2002-12-01,8.97
2002-12-02,8.79
2002-12-03,8.6
2002-12-04,8.5
2002-12-05,8.46
2002-12-06,8.38
2002-12-07,8.27
2002-12-08,8.28
2002-12-09,8.3
2002-12-10,8.18
2002-12-11,7.95
2002-12-12,8.08
2002-12-13,8.24
2002-12-14,8.32
2002-12-15,8.27
2002-12-16,8.25
2002-12-17,7.91
2002-12-18,7.5
2002-12-19,7.22
2002-12-20,7.09
2002-12-21,7.03
2002-12-22,6.89
2002-12-23,6.82
2002-12-24,6.76
2002-12-25,6.6
2002-12-26,6.67
2002-12-27,6.91
2002-12-28,6.95
2002-12-30,6.5
2002-12-31,6.48
2003-01-01,6.3
2003-01-02,6.11
2003-01-03,6.36
2003-01-04,6.42
2003-01-05,6.15
2003-01-06,5.71
2003-01-07,5.56
2003-01-08,5.42
2003-01-09,5.31
2003-01-10,5.2
2003-01-11,5.07
2003-01-12,5.2
2003-01-13,5.29
2003-01-14,5.46
2003-01-15,5.47
2003-01-16,5.32
2003-01-17,5.28
2003-01-18,5.19
2003-01-19,5.0
2003-01-20,4.91
2003-01-21,4.81
2003-01-22,4.66
2003-01-23,4.73
2003-01-24,4.93
2003-01-25,5.03
2003-01-26,5.24
2003-01-27,5.55
2003-01-28,5.37
2003-01-29,5.15
2003-01-30,5.18
2003-01-31,5.33
2003-02-01,5.55
2003-02-02,5.43
2003-02-03,5.3
2003-02-04,5.26
2003-02-05,5.1
2003-02-06,4.84
2003-02-07,4.71
2003-02-08,4.7
2003-02-09,4.76
2003-02-10,4.82
2003-02-11,4.81
2003-02-12,4.81
2003-02-13,4.79
2003-02-14,4.75
2003-02-15,4.91
2003-02-16,5.12
2003-02-17,5.2
2003-02-18,5.31
2003-02-19,5.29
2003-02-20,5.29
2003-02-21,5.48
2003-02-22,5.74
2003-02-23,5.58
2003-02-24,4.84
2003-02-25,4.4
2003-02-26,4.54
2003-02-27,4.8
2003-02-28,4.93
2003-03-01,4.99
2003-03-02,5.08
2003-03-03,5.13
2003-03-04,5.26
2003-03-05,5.33
2003-03-06,5.1
2003-03-07,5.25
2003-03-08,5.08
2003-03-09,5.45
2003-03-10,5.94
2003-03-11,5.91
2003-03-12,6.19
2003-03-13,6.32
2003-03-14,6.6
2003-03-15,6.57
2003-03-17,6.47
2003-03-18,6.41
2003-03-19,6.34
2003-03-20,6.79
2003-03-21,6.93
2003-03-22,6.97
2003-03-23,6.77
2003-03-24,6.94
2003-03-25,6.93
2003-03-26,6.75
2003-03-27,6.65
2003-03-28,6.78
2003-03-29,6.91
2003-03-30,7.15
2003-03-31,7.29
2003-04-01,7.39
2003-04-02,7.4
2003-04-03,7.12
2003-04-04,6.95
2003-04-05,7.08
2003-04-06,7.09
2003-04-07,7.37
2003-04-08,7.6
2003-04-09,7.99
2003-04-10,8.23
2003-04-11,8.32
2003-04-12,8.16
2003-04-13,8.4
2003-04-14,8.54
2003-04-15,8.29
2003-04-16,8.31
2003-04-17,8.2
2003-04-18,8.0
2003-04-19,8.22
2003-04-20,8.38
2003-04-21,8.73
2003-04-22,8.83
2003-04-23,8.59
2003-04-24,8.6
2003-04-25,8.42
2003-04-26,8.67
2003-04-27,8.79
2003-04-28,9.27
2003-04-29,9.59
2003-04-30,9.43
2003-05-01,9.59
2003-05-02,9.94
2003-05-03,10.0
2003-05-04,10.01
2003-05-05,9.91
2003-05-06,9.8
2003-05-07,9.65
2003-05-08,9.74
2003-05-09,10.06
2003-05-10,10.46
2003-05-11,10.7
2003-05-12,10.79
2003-05-13,10.94
2003-05-14,11.13
2003-05-15,11.06
2003-05-16,10.69
2003-05-17,10.54
2003-05-18,10.51
2003-05-19,10.62
2003-05-20,10.97
2003-05-21,10.96
2003-05-22,11.42
2003-05-23,11.73
2003-05-24,11.87
2003-05-25,12.0
2003-05-26,12.05
2003-05-27,12.4
2003-05-28,12.88
2003-05-29,13.29
2003-05-30,13.16
2003-05-31,13.18
2003-06-01,13.74
2003-06-02,14.07
2003-06-03,14.17
2003-06-04,14.03
2003-06-05,14.23
2003-06-06,14.51
2003-06-07,14.76
2003-06-08,14.96
2003-06-09,15.09
2003-06-10,15.18
2003-06-11,15.08
2003-06-12,15.22
2003-06-13,15.25
2003-06-14,15.25
2003-06-15,15.46
2003-06-16,15.7
2003-06-17,15.67
2003-06-18,15.77
2003-06-19,15.56
2003-06-20,15.39
2003-06-21,15.14
2003-06-22,15.21
2003-06-23,15.5
2003-06-24,15.69
2003-06-25,15.92
2003-06-26,16.19
2003-06-27,16.61
2003-06-28,16.96
2003-06-29,17.06
2003-06-30,17.1
2003-07-01,17.16
2003-07-02,17.02
2003-07-03,17.32
2003-07-04,17.55
2003-07-05,17.83
2003-07-06,18.3
2003-07-07,18.6
2003-07-08,18.39
2003-07-09,18.22
2003-07-10,18.33
2003-07-11,18.74
2003-07-12,19.07
2003-07-13,18.93
2003-07-14,19.03
2003-07-15,19.17
2003-07-16,19.28
2003-07-17,19.09
2003-07-18,19.24
2003-07-19,19.6
2003-07-20,19.9
2003-07-21,20.26
2003-07-22,20.4
2003-07-23,20.44
2003-07-24,20.27
2003-07-25,19.93
2003-07-26,19.93
2003-07-27,20.27
2003-07-28,20.81
2003-07-29,20.76
2003-07-30,20.67
2003-07-31,20.8
2003-08-01,20.75
2003-08-02,20.7
2003-08-03,20.18
2003-08-04,20.27
2003-08-05,20.73
2003-08-06,20.56
2003-08-07,20.65
2003-08-08,20.53
2003-08-09,20.78
2003-08-10,20.99
2003-08-11,21.12
2003-08-12,20.91
2003-08-13,20.78
2003-08-14,20.76
2003-08-15,20.92
2003-08-16,20.69
2003-08-17,20.87
2003-08-18,21.06
2003-08-19,21.15
2003-08-20,20.88
2003-08-21,20.68
2003-08-22,20.51
2003-08-23,20.33
2003-08-24,20.61
2003-08-25,20.66
2003-08-26,20.84
2003-08-27,20.68
2003-08-28,20.57
2003-08-29,20.51
2003-08-30,20.52
2003-08-31,20.62
2003-09-01,20.8
2003-09-02,20.85
2003-09-03,20.82
2003-09-04,21.0
2003-09-05,21.16
2003-09-06,21.35
2003-09-07,21.15
2003-09-08,20.31
2003-09-09,19.61
2003-09-10,19.55
2003-09-11,19.51
2003-09-12,19.36
2003-09-13,19.41
2003-09-14,19.35
2003-09-15,19.26
2003-09-16,18.81
2003-09-17,18.29
2003-09-18,18.11
2003-09-19,18.07
2003-09-20,18.34
2003-09-21,18.23
2003-09-22,18.27
2003-09-23,18.4
2003-09-24,18.56
2003-09-25,18.8
2003-09-26,19.0
2003-09-27,18.88
2003-09-28,18.87
2003-09-29,18.93
2003-09-30,18.7
2003-10-01,18.73
2003-10-02,18.84
2003-10-03,18.75
2003-10-04,18.77
2003-10-05,18.88
2003-10-06,19.03
2003-10-07,18.76
2003-10-08,18.32
2003-10-09,17.57
2003-10-10,17.34
2003-10-11,16.97
2003-10-12,16.32
2003-10-13,15.94
2003-10-14,16.38
2003-10-15,16.12
2003-10-16,15.87
2003-10-17,15.98
2003-10-18,16.22
2003-10-19,16.16
2003-10-20,16.23
2003-10-21,16.45
2003-10-22,16.94
2003-10-23,16.42
2003-10-24,15.77
2003-10-25,15.19
2003-10-26,14.99
2003-10-27,14.8
2003-10-28,14.99
2003-10-29,14.61
2003-10-30,13.36
2003-10-31,11.74
2003-11-01,11.82
2003-11-02,12.06
2003-11-03,11.91
2003-11-04,11.77
2003-11-05,11.22
2004-04-01,7.7
2004-04-02,7.52
2004-04-03,7.59
2004-04-04,7.67
2004-04-05,8.04
2004-04-06,7.93
2004-04-07,8.31
2004-04-08,8.53
2004-04-09,8.79
2004-04-10,9.01
2004-04-11,9.16
2004-04-12,9.39
2004-04-13,9.55
2004-04-14,9.68
2004-04-15,9.32
2004-04-16,9.2
2004-04-17,9.33
2004-04-18,9.38
2004-04-19,9.43
2004-04-20,9.34
2004-04-21,9.11
2004-04-22,9.28
2004-04-23,9.55
2004-04-24,9.28
2004-04-25,9.63
2004-04-26,9.98
2004-04-27,10.25
2004-04-28,9.85
2004-04-29,10.2
2004-04-30,10.49
2004-05-01,10.98
2004-05-02,11.37
2004-05-03,11.69
2004-05-04,11.86
2004-05-05,11.72
2004-05-06,11.4
2004-05-07,11.46
2004-05-08,11.96
2004-05-09,12.13
2004-05-10,12.06
2004-05-11,11.07
2004-05-12,11.3
2004-05-13,11.57
2004-05-14,11.92
2004-05-15,11.74
2004-05-16,11.57
2004-05-17,11.68
2004-05-18,11.8
2004-05-19,12.08
2004-05-20,12.43
2004-05-21,12.72
2004-05-22,12.76
2004-05-23,12.77
2004-05-24,13.02
2004-05-25,13.48
2004-05-26,13.49
2004-05-27,13.42
2004-05-28,13.07
2004-05-29,12.99
2004-05-30,13.33
2004-05-31,13.54
2004-06-01,13.68
2004-06-02,13.8
2004-06-03,14.22
2004-06-04,14.53
2004-06-05,14.67
2004-06-06,14.5
2004-06-07,14.52
2004-06-08,14.67
2004-06-09,14.35
2004-06-10,14.61
2004-06-11,14.54
2004-06-12,14.47
2004-06-13,14.97
2004-06-14,15.14
2004-06-15,15.09
2004-06-16,14.97
2004-06-17,15.34
2004-06-18,15.68
2004-06-19,15.87
2004-06-20,16.12
2004-06-21,16.46
2004-06-22,16.69
2004-06-23,16.87
2004-06-24,17.21
2004-06-25,17.5
2004-06-26,17.69
2004-06-27,17.69
2004-06-28,18.05
2004-06-29,18.22
2004-06-30,18.29
2004-07-01,18.46
2004-07-02,18.64
2004-07-03,18.76
2004-07-04,18.74
2004-07-05,18.82
2004-07-06,18.67
2004-07-07,18.42
2004-07-08,18.07
2004-07-09,18.16
2004-07-10,18.32
2004-07-11,18.43
2004-07-12,18.59
2004-07-13,18.58
2004-07-14,18.69
2004-07-15,18.98
2004-07-16,19.08
2004-07-17,19.36
2004-07-18,19.52
2004-07-19,19.55
2004-07-20,19.47
2004-07-21,19.66
2004-07-22,19.72
2004-07-23,19.9
2004-07-24,20.32
2004-07-25,20.78
2004-07-26,20.88
2004-07-27,20.66
2004-07-28,20.4
2004-07-29,20.54
2004-07-30,20.73
2004-07-31,20.77
2004-08-01,20.94
2004-08-02,21.17
2004-08-03,20.7
2004-08-04,20.67
2004-08-05,20.6
2004-08-06,20.26
2004-08-07,19.86
2004-08-08,20.23
2004-08-09,20.77
2004-08-10,21.02
2004-08-11,21.25
2004-08-12,21.23
2004-08-13,21.27
2004-08-14,21.26
2004-08-15,21.1
2004-08-16,21.24
2004-08-17,21.43
2004-08-18,21.42
2004-08-19,21.27
2004-08-20,21.31
2004-08-21,21.37
2004-08-22,21.0
2004-08-23,20.49
2004-08-24,20.29
2004-08-25,19.83
2004-08-26,19.77
2004-08-27,20.19
2004-08-28,20.27
2004-08-29,20.45
2004-08-30,20.55
2004-08-31,20.69
2004-09-01,20.68
2004-09-02,19.83
2004-09-03,19.6
2004-09-04,19.62
2004-09-05,19.46
2004-09-06,19.31
2004-09-07,19.44
2004-09-08,19.61
2004-09-09,19.73
2004-09-10,19.62
2004-09-11,19.62
2004-09-12,19.37
2004-09-13,19.04
2004-09-14,18.4
2004-09-15,18.68
2004-09-16,18.39
2004-09-17,18.41
2005-03-31,6.63
2005-04-01,6.36
2005-04-02,6.4
2005-04-03,6.66
2005-04-04,6.88
2005-04-05,6.72
2005-04-06,6.89
2005-04-07,7.3
2005-04-08,7.3
2005-04-09,7.57
2005-04-10,7.64
2005-04-11,7.98
2005-04-12,8.05
2005-04-13,7.89
2005-04-14,7.65
2005-04-15,7.54
2005-04-16,7.61
2005-04-17,7.82
2005-04-18,8.1
2005-04-19,8.34
2005-04-20,8.56
2005-04-21,9.02
2005-04-22,9.11
2005-04-23,9.39
2005-04-24,9.26
2005-04-25,9.73
2005-04-26,10.0
2005-04-27,10.06
2005-04-28,9.89
2005-04-29,10.11
2005-04-30,10.39
2005-05-01,10.7
2005-05-02,10.95
2005-05-03,11.07
2005-05-04,11.27
2005-05-05,11.26
2005-05-06,11.13
2005-05-07,11.37
2005-05-08,11.5
2005-05-09,11.32
2005-05-10,11.13
2005-05-11,11.27
2005-05-12,11.83
2005-05-13,12.04
2005-05-14,12.31
2005-05-15,12.16
2005-05-16,11.87
2005-05-17,11.67
2005-05-18,11.92
2005-05-19,12.17
2005-05-20,12.3
2005-05-21,12.23
2005-05-22,12.49
2005-05-23,12.69
2005-05-24,12.94
2005-05-25,13.1
2005-05-26,13.22
2005-05-27,13.42
2005-05-28,13.63
2005-05-29,14.33
2005-05-30,14.76
2005-05-31,14.82
2005-06-01,14.33
2005-06-02,14.28
2005-06-03,14.62
2005-06-04,14.91
2005-06-05,15.0
2005-06-06,14.66
2005-06-07,14.92
2005-06-08,15.06
2005-06-09,14.99
2005-06-10,15.16
2005-06-11,15.36
2005-06-12,15.07
2005-06-13,14.99
2005-06-14,14.84
2005-06-15,14.85
2005-06-16,15.08
2005-06-17,15.37
2005-06-18,15.59
2005-06-19,15.89
2005-06-20,16.59
2005-06-21,16.79
2005-06-22,16.57
2005-06-23,16.43
2005-06-24,16.58
2005-06-25,16.94
2005-06-26,17.0
2005-06-27,16.75
2005-06-28,16.7
2005-06-29,17.11
2005-06-30,17.45
2005-07-01,17.55
2005-07-02,17.36
2005-07-03,17.35
2005-07-04,17.4
2005-07-05,17.75
2005-07-06,18.28
2005-07-07,18.48
2005-07-08,18.29
2005-07-09,18.02
2005-07-10,18.31
2005-07-11,18.5
2005-07-12,18.41
2005-07-13,18.17
2005-07-14,18.28
2005-07-15,18.37
2005-07-16,18.42
2005-07-17,18.59
2005-07-18,18.85
2005-07-19,19.06
2005-07-20,19.17
2005-07-21,19.19
2005-07-22,19.27
2005-07-23,19.19
2005-07-24,19.4
2005-07-25,19.51
2005-07-26,19.35
2005-07-27,19.66
2005-07-28,19.78
2005-07-29,19.98
2005-07-30,19.89
2005-07-31,20.13
2005-08-01,20.13
2005-08-02,19.77
2005-08-03,19.84
2005-08-04,19.87
2005-08-05,20.07
2005-08-06,20.32
2005-08-07,20.55
2005-08-08,20.63
2005-08-09,20.66
2005-08-10,20.61
2005-08-11,20.42
2005-08-12,20.27
2005-08-13,20.09
2005-08-14,20.23
2005-08-15,20.57
2005-08-16,20.9
2005-08-17,20.57
2005-08-18,20.47
2005-08-19,20.52
2005-08-20,20.64
2005-08-21,20.94
2005-08-22,21.2
2005-08-23,20.74
2005-08-24,20.2
2005-08-25,20.13
2005-08-26,20.28
2005-08-27,20.64
2005-08-28,20.58
2005-08-29,20.39
2005-08-30,20.0
2005-08-31,19.93
2005-09-01,19.89
2005-09-02,20.02
2005-09-03,19.95
2005-09-04,19.91
2005-09-05,19.54
2005-09-06,19.45
2005-09-07,19.29
2005-09-08,19.51
2005-09-09,19.55
2005-09-10,18.95
2005-09-11,18.73
2005-09-12,18.76
2005-09-13,18.9
2005-09-14,19.12
2005-09-15,19.3
2005-09-16,19.05
2005-09-17,18.73
2005-09-18,18.65
2005-09-19,18.55
2005-09-20,18.67
2005-09-21,18.6
2005-09-22,18.36
2005-09-23,18.13
2005-09-24,17.77
2005-09-25,17.87
2005-09-26,17.88
2005-09-27,18.13
2005-09-28,18.22
2005-09-29,17.89
2006-03-24,6.29
2006-03-25,5.99
2006-03-26,5.79
2006-03-27,5.94
2006-03-28,6.28
2006-03-29,6.74
2006-03-30,6.84
2006-03-31,6.87
2006-04-01,6.75
2006-04-02,6.4
2006-04-03,6.54
2006-04-04,6.4
2006-04-05,6.26
2006-04-06,6.44
2006-04-07,6.59
2006-04-08,6.43
2006-04-09,6.23
2006-04-10,6.32
2006-04-11,6.22
2006-04-12,6.6
2006-04-13,6.89
2006-04-14,6.68
2006-04-15,6.5
2006-04-17,6.79
2006-04-18,6.82
2006-04-19,7.06
2006-04-20,7.34
2006-04-21,7.49
2006-04-22,7.67
2006-04-23,8.01
2006-04-24,8.38
2006-04-25,8.62
2006-04-26,8.64
2006-04-27,8.95
2006-04-28,9.46
2006-04-29,9.79
2006-04-30,9.67
2006-05-01,9.56
2006-05-02,9.48
2006-05-03,9.66
2006-05-04,10.0
2006-05-05,10.23
2006-05-06,10.42
2006-05-07,10.23
2006-05-08,10.14
2006-05-09,10.21
2006-05-10,10.38
2006-05-11,10.64
2006-05-12,10.83
2006-05-13,10.97
2006-05-14,11.25
2006-05-15,11.61
2006-05-16,12.22
2006-05-17,12.6
2006-05-18,12.86
2006-05-19,13.13
2006-05-20,13.32
2006-05-21,13.2
2006-05-22,13.01
2006-05-23,12.95
2006-05-24,12.93
2006-05-25,12.55
2006-05-26,12.32
2006-05-27,11.98
2006-05-28,11.9
2006-05-29,12.26
2006-05-30,12.64
2006-05-31,13.05
2006-06-01,13.4
2006-06-02,13.42
2006-06-03,13.64
2006-06-04,13.89
2006-06-05,14.01
2006-06-06,14.27
2006-06-07,14.35
2006-06-08,14.37
2006-06-09,14.47
2006-06-10,14.59
2006-06-11,14.77
2006-06-12,14.81
2006-06-13,14.48
2006-06-14,14.48
2006-06-15,14.48
2006-06-16,14.53
2006-06-17,14.74
2006-06-18,14.9
2006-06-19,15.2
2006-06-20,15.08
2006-06-21,15.2
2006-06-22,15.35
2006-06-23,15.48
2006-06-24,15.71
2006-06-25,16.13
2006-06-26,16.54
2006-06-27,16.79
2006-06-28,16.93
2006-06-29,16.68
2006-06-30,16.78
2006-07-01,17.43
2006-07-02,17.7
2006-07-03,18.23
2006-07-04,18.33
2006-07-05,18.91
2006-07-06,18.92
2006-07-07,18.4
2006-07-08,18.36
2006-07-09,18.68
2006-07-10,19.22
2006-07-11,18.8
2006-07-12,18.37
2006-07-13,18.48
2006-07-14,18.83
2006-07-15,18.97
2006-07-16,18.93
2006-07-17,19.12
2006-07-18,18.96
2006-07-19,18.85
2006-07-20,18.98
2006-07-21,19.35
2006-07-22,19.72
2006-07-23,19.85
2006-07-24,20.15
2006-07-25,20.14
2006-07-26,19.96
2006-07-27,20.06
2006-07-28,20.26
2006-07-29,20.02
2006-07-30,19.74
2006-07-31,19.55
2006-08-01,19.76
2006-08-02,19.75
2006-08-03,19.85
2006-08-04,19.92
2006-08-05,19.98
2006-08-06,20.14
2006-08-07,20.41
2006-08-08,20.66
2006-08-09,20.45
2006-08-10,20.43
2006-08-11,20.08
2006-08-12,20.11
2006-08-13,20.3
2006-08-14,20.49
2006-08-15,20.67
2006-08-16,20.45
2006-08-17,20.24
2006-08-18,20.37
2006-08-19,20.61
2006-08-20,20.95
2006-08-21,21.18
2006-08-22,21.1
2006-08-23,21.02
2006-08-24,20.52
2006-08-25,20.19
2006-08-26,20.46
2006-08-27,20.72
2006-08-28,20.96
2006-08-29,21.0
2006-08-30,20.02
2006-08-31,19.66
2006-09-01,19.55
2006-09-02,19.55
2006-09-03,19.88
2006-09-04,20.29
2006-09-05,20.64
2006-09-06,20.56
2006-09-07,20.62
2006-09-08,20.63
2006-09-09,20.31
2006-09-10,20.15
2006-09-11,20.0
2006-09-12,20.09
2006-09-13,20.19
2006-09-14,19.31
2006-09-15,18.87
2006-09-16,18.45
2006-09-17,18.21
2006-09-18,18.22
2006-09-19,18.31
2006-09-20,18.21
2006-09-21,17.59
2006-09-22,17.48
2006-09-23,17.57
2006-09-24,17.62
2006-09-25,17.8
2006-09-26,17.91
2007-03-23,5.48
2007-03-24,5.51
2007-03-25,5.63
2007-03-26,5.41
2007-03-27,5.44
2007-03-28,5.55
2007-03-29,5.69
2007-03-30,5.83
2007-03-31,5.96
2007-04-01,5.92
2007-04-02,6.04
2007-04-03,5.89
2007-04-04,6.11
2007-04-05,6.22
2007-04-06,6.53
2007-04-07,6.68
2007-04-08,7.16
2007-04-09,7.5
2007-04-10,7.11
2007-04-11,7.22
2007-04-12,7.55
2007-04-13,7.69
2007-04-14,7.67
2007-04-15,7.56
2007-04-16,7.66
2007-04-17,7.79
2007-04-18,7.78
2007-04-19,7.77
2007-04-20,7.97
2007-04-21,8.06
2007-04-22,8.13
2007-04-23,8.59
2007-04-24,9.02
2007-04-25,9.04
2007-04-26,9.04
2007-04-27,9.45
2007-04-28,9.7
2007-04-29,9.88
2007-04-30,10.01
2007-05-01,9.91
2007-05-02,9.7
2007-05-03,9.56
2007-05-04,9.65
2007-05-05,9.56
2007-05-06,9.9
2007-05-07,10.32
2007-05-08,10.75
2007-05-09,10.8
2007-05-10,10.99
2007-05-11,11.24
2007-05-12,11.42
2007-05-13,11.24
2007-05-14,11.39
2007-05-15,11.88
2007-05-16,12.08
2007-05-17,12.12
2007-05-18,12.12
2007-05-19,12.24
2007-05-20,11.87
2007-05-21,11.75
2007-05-22,12.2
2007-05-23,12.39
2007-05-24,12.59
2007-05-25,12.68
2007-05-26,12.71
2007-05-27,13.09
2007-05-28,12.79
2007-05-29,12.99
2007-05-30,13.4
2007-05-31,13.67
2007-06-01,14.03
2007-06-02,14.29
2007-06-03,14.72
2007-06-04,15.0
2007-06-05,14.72
2007-06-06,14.03
2007-06-07,13.94
2007-06-08,14.17
2007-06-09,14.06
2007-06-10,13.94
2007-06-11,14.12
2007-06-12,14.26
2007-06-13,14.17
2007-06-14,14.15
2007-06-15,14.59
2007-06-16,14.58
2007-06-17,14.68
2007-06-18,15.09
2007-06-19,15.38
2007-06-20,15.8
2007-06-21,16.07
2007-06-22,16.18
2007-06-23,16.05
2007-06-24,16.03
2007-06-25,15.91
2007-06-26,16.12
2007-06-27,16.38
2007-06-28,16.51
2007-06-29,16.7
2007-06-30,16.62
2007-07-01,16.83
2007-07-02,17.09
2007-07-03,17.15
2007-07-04,17.69
2007-07-05,17.99
2007-07-06,18.23
2007-07-07,18.35
2007-07-08,18.51
2007-07-09,18.64
2007-07-10,18.7
2007-07-11,19.0
2007-07-12,19.05
2007-07-13,19.08
2007-07-14,19.17
2007-07-15,19.18
2007-07-16,18.94
2007-07-17,18.67
2007-07-18,18.52
2007-07-19,18.56
2007-07-20,18.71
2007-07-21,18.61
2007-07-22,19.02
2007-07-23,19.37
2007-07-24,19.43
2007-07-25,19.25
2007-07-26,19.24
2007-07-27,19.48
2007-07-28,19.64
2007-07-29,19.86
2007-07-30,19.93
2007-07-31,19.68
2007-08-01,19.61
2007-08-02,19.79
2007-08-03,20.05
2007-08-04,19.92
2007-08-05,19.9
2007-08-06,20.2
2007-08-07,20.15
2007-08-08,20.05
2007-08-09,19.98
2007-08-10,19.76
2007-08-11,19.69
2007-08-12,20.0
2007-08-13,20.12
2007-08-14,20.03
2007-08-15,20.25
2007-08-16,20.41
2007-08-17,20.52
2007-08-18,20.36
2007-08-19,19.96
2007-08-20,19.41
2007-08-21,19.64
2007-08-22,20.14
2007-08-23,20.29
2007-08-24,20.46
2007-08-25,20.52
2007-08-26,20.41
2007-08-27,19.9
2007-08-28,19.65
2007-08-29,19.81
2007-08-30,20.27
2007-08-31,20.65
2007-09-01,20.51
2007-09-02,20.59
2007-09-03,20.7
2007-09-04,20.91
2007-09-05,20.67
2007-09-06,20.66
2007-09-07,20.46
2007-09-08,20.22
2007-09-09,19.73
2007-09-10,19.74
2007-09-11,20.0
2007-09-12,20.24
2007-09-13,20.36
2007-09-14,20.09
2007-09-15,20.0
2007-09-16,19.91
2007-09-17,19.66
2007-09-18,19.12
2007-09-19,18.75
2007-09-20,18.24
2007-09-21,18.06
2007-09-22,18.21
2007-09-23,17.96
2007-09-24,17.53
2007-09-25,17.37
2007-09-26,17.35
2007-09-27,17.37
2008-03-25,5.53
2008-03-26,5.2
2008-03-27,4.94
2008-03-28,4.69
2008-03-29,4.46
2008-03-30,4.81
2008-03-31,5.02
2008-04-01,5.08
2008-04-02,5.49
2008-04-03,5.86
2008-04-04,5.86
2008-04-05,5.51
2008-04-06,5.97
2008-04-07,5.96
2008-04-08,6.17
2008-04-09,6.21
2008-04-10,6.6
2008-04-11,6.96
2008-04-12,7.12
2008-04-13,7.54
2008-04-14,7.94
2008-04-15,7.74
2008-04-16,7.45
2008-04-17,7.91
2008-04-18,8.14
2008-04-19,7.88
2008-04-20,7.74
2008-04-21,7.68
2008-04-22,7.76
2008-04-23,8.19
2008-04-24,8.09
2008-04-25,7.97
2008-04-26,8.18
2008-04-27,8.48
2008-04-28,8.72
2008-04-29,8.82
2008-04-30,8.52
2008-05-01,8.47
2008-05-02,8.73
2008-05-03,9.01
2008-05-04,9.2
2008-05-05,9.86
2008-05-06,10.18
2008-05-07,10.56
2008-05-08,10.25
2008-05-09,10.15
2008-05-10,10.18
2008-05-11,10.18
2008-05-12,10.31
2008-05-13,10.3
2008-05-14,10.35
2008-05-15,10.89
2008-05-16,11.44
2008-05-17,11.6
2008-05-18,11.97
2008-05-19,12.34
2008-05-20,12.12
2008-05-21,11.57
2008-05-22,11.63
2008-05-23,11.61
2008-05-24,11.55
2008-05-25,11.68
2008-05-26,11.74
2008-05-27,11.84
2008-05-28,11.77
2008-05-29,12.2
2008-05-30,12.72
2008-05-31,12.83
2008-06-01,13.19
2008-06-02,13.13
2008-06-03,12.96
2008-06-04,12.95
2008-06-05,12.85
2008-06-06,12.44
2008-06-07,12.37
2008-06-08,12.66
2008-06-09,13.07
2008-06-10,12.56
2008-06-11,12.69
2008-06-12,13.13
2008-06-13,13.63
2008-06-14,13.84
2008-06-15,14.19
2008-06-16,14.49
2008-06-17,14.72
2008-06-18,14.73
2008-06-19,14.79
2008-06-20,14.96
2008-06-21,14.93
2008-06-22,15.03
2008-06-23,15.27
2008-06-24,15.04
2008-06-25,14.94
2008-06-26,14.88
2008-06-27,15.13
2008-06-28,15.45
2008-06-29,15.71
2008-06-30,15.9
2008-07-01,15.95
2008-07-02,16.23
2008-07-03,16.48
2008-07-04,16.4
2008-07-05,16.31
2008-07-06,16.69
2008-07-07,16.88
2008-07-08,17.03
2008-07-09,17.21
2008-07-10,17.32
2008-07-11,17.16
2008-07-12,17.18
2008-07-13,17.54
2008-07-14,17.72
2008-07-15,17.91
2008-07-16,18.1
2008-07-17,18.24
2008-07-18,18.41
2008-07-19,18.28
2008-07-20,18.24
2008-07-21,18.43
2008-07-22,18.6
2008-07-23,18.45
2008-07-24,18.84
2008-07-25,19.03
2008-07-26,19.19
2008-07-27,19.22
2008-07-28,19.27
2008-07-29,19.15
2008-07-30,18.78
2008-07-31,18.96
2008-08-01,19.02
2008-08-02,19.12
2008-08-03,19.24
2008-08-04,19.5
2008-08-05,19.72
2008-08-06,20.02
2008-08-07,19.9
2008-08-08,19.79
2008-08-09,19.97
2008-08-10,19.81
2008-08-11,19.79
2008-08-12,19.98
2008-08-13,20.17
2008-08-14,20.45
2008-08-15,20.6
2008-08-16,20.68
2008-08-17,20.8
2008-08-18,20.95
2008-08-19,20.82
2008-08-20,20.52
2008-08-21,19.96
2008-08-22,19.78
2008-08-23,20.05
2008-08-24,20.26
2008-08-25,20.09
2008-08-26,19.71
2008-08-27,19.64
2008-08-28,19.65
2008-08-29,19.94
2008-08-30,19.77
2008-08-31,19.02
2008-09-01,18.63
2008-09-02,18.39
2008-09-03,18.39
2008-09-04,18.69
2008-09-05,18.88
2008-09-06,18.92
2008-09-07,19.09
2008-09-08,19.05
2008-09-09,19.3
2008-09-10,19.39
2008-09-11,19.31
2008-09-12,19.39
2008-09-13,19.39
2008-09-14,19.32
2008-09-15,19.32
2008-09-16,19.44
2008-09-17,19.47
2008-09-18,19.6
2008-09-19,19.8
2008-09-20,19.54
2008-09-21,18.84
2008-09-22,18.35
2008-09-23,17.72
2008-09-24,17.54
2008-09-25,17.68
2008-09-26,17.84
2008-09-27,17.89
2008-09-28,18.0
2008-09-29,18.06
2008-09-30,18.21
2008-10-01,18.27
2008-10-02,18.46
2008-10-03,18.18
2008-10-04,17.93
2008-10-05,17.12
2008-10-06,16.9
2008-10-07,17.14
2008-10-08,16.73
2009-03-24,5.27
2009-03-25,5.17
2009-03-26,5.14
2009-03-27,5.28
2009-03-28,5.12
2009-03-29,5.27
2009-03-30,5.49
2009-03-31,5.59
2009-04-01,5.26
2009-04-02,5.2
2009-04-03,5.61
2009-04-04,5.93
2009-04-05,6.3
2009-04-06,6.65
2009-04-07,6.98
2009-04-08,7.34
2009-04-09,7.35
2009-04-10,7.48
2009-04-11,7.38
2009-04-12,7.24
2009-04-13,7.11
2009-04-14,6.91
2009-04-15,7.06
2009-04-16,6.95
2009-04-17,6.9
2009-04-18,6.9
2009-04-19,7.06
2009-04-20,7.42
2009-04-21,7.78
2009-04-22,7.96
2009-04-23,7.58
2009-04-24,7.52
2009-04-25,7.57
2009-04-26,7.84
2009-04-27,7.82
2009-04-28,7.52
2009-04-29,7.32
2009-04-30,7.65
2009-05-01,8.0
2009-05-02,8.07
2009-05-03,8.12
2009-05-04,8.25
2009-05-05,8.69
2009-05-06,8.92
2009-05-07,8.78
2009-05-08,9.26
2009-05-09,9.65
2009-05-10,9.75
2009-05-11,10.25
2009-05-12,10.06
2009-05-13,9.7
2009-05-14,10.08
2009-05-15,10.47
2009-05-16,10.77
2009-05-17,10.98
2009-05-18,11.38
2009-05-19,11.58
2009-05-20,11.35
2009-05-21,11.43
2009-05-22,11.74
2009-05-23,12.06
2009-05-24,12.3
2009-05-25,12.54
2009-05-26,12.78
2009-05-27,13.11
2009-05-28,13.27
2009-05-29,13.23
2009-05-30,13.42
2009-05-31,13.74
2009-06-01,13.9
2009-06-02,13.95
2009-06-03,14.18
2009-06-04,14.09
2009-06-05,14.03
2009-06-06,14.13
2009-06-07,14.12
2009-06-08,14.31
2009-06-09,14.25
2009-06-10,14.65
2009-06-11,15.05
2009-06-12,15.34
2009-06-13,15.39
2009-06-14,15.49
2009-06-15,15.76
2009-06-16,16.1
2009-06-17,16.39
2009-06-18,16.48
2009-06-19,16.53
2009-06-20,16.45
2009-06-21,16.26
2009-06-22,15.85
2009-06-23,15.83
2009-06-24,15.99
2009-06-25,16.29
2009-06-26,16.44
2009-06-27,16.32
2009-06-28,16.51
2009-06-29,16.82
2009-06-30,16.85
2009-07-01,16.89
2009-07-02,17.32
2009-07-03,17.91
2009-07-04,18.44
2009-07-05,18.76
2009-07-06,18.53
2009-07-07,18.17
2009-07-08,17.83
2009-07-09,17.98
2009-07-10,18.22
2009-07-11,18.36
2009-07-12,18.74
2009-07-13,18.44
2009-07-14,18.18
2009-07-15,18.22
2009-07-16,18.49
2009-07-17,18.7
2009-07-18,18.87
2009-07-19,19.09
2009-07-20,19.35
2009-07-21,19.5
2009-07-22,19.66
2009-07-23,20.09
2009-07-24,20.12
2009-07-25,20.2
2009-07-26,20.53
2009-07-27,20.93
2009-07-28,21.12
2009-07-29,21.05
2009-07-30,20.92
2009-07-31,20.91
2009-08-01,20.81
2009-08-02,20.96
2009-08-03,21.26
2009-08-04,21.28
2009-08-05,21.0
2009-08-06,20.69
2009-08-07,19.65
2009-08-08,19.66
2009-08-09,20.0
2009-08-10,20.51
2009-08-11,20.67
2009-08-12,20.66
2009-08-13,20.69
2009-08-14,20.27
2009-08-15,19.79
2009-08-16,19.75
2009-08-17,19.87
2009-08-18,19.89
2009-08-19,20.16
2009-08-20,20.53
2009-08-21,20.68
2009-08-22,20.43
2009-08-23,20.31
2009-08-24,20.26
2009-08-25,19.75
2009-08-26,19.72
2009-08-27,19.87
2009-08-28,20.08
2009-08-29,19.88
2009-08-30,19.95
2009-08-31,20.23
2009-09-01,20.28
2009-09-02,20.62
2009-09-03,20.59
2009-09-04,20.3
2009-09-05,20.13
2009-09-06,20.04
2009-09-07,19.34
2009-09-08,19.22
2009-09-09,19.42
2009-09-10,19.33
2009-09-11,19.61
2009-09-12,19.75
2009-09-13,19.9
2009-09-14,20.1
2009-09-15,20.12
2009-09-16,20.12
2009-09-17,20.1
2009-09-18,19.75
2009-09-19,19.41
2009-09-20,18.94
2009-09-21,18.54
2009-09-22,18.51
2009-09-23,18.84
2009-09-24,19.04
2009-09-25,19.2
2009-09-26,19.16
2009-09-27,18.75
2009-09-28,18.07
2009-09-29,17.37
2009-09-30,16.97
2009-10-01,16.82
2009-10-02,16.54
2010-03-22,6.74
2010-03-23,6.65
2010-03-24,6.77
2010-03-25,6.98
2010-03-26,6.95
2010-03-27,7.06
2010-03-28,7.15
2010-03-29,7.26
2010-03-30,7.19
2010-03-31,7.05
2010-04-01,7.28
2010-04-02,7.16
2010-04-03,6.61
2010-04-04,6.83
2010-04-05,7.31
2010-04-06,7.57
2010-04-07,7.59
2010-04-08,7.82
2010-04-09,7.42
2010-04-10,7.37
2010-04-11,7.62
2010-04-12,7.92
2010-04-13,8.24
2010-04-14,8.27
2010-04-15,8.4
2010-04-16,8.7
2010-04-17,9.04
2010-04-18,9.3
2010-04-19,9.45
2010-04-20,9.98
2010-04-21,10.14
2010-04-22,10.14
2010-04-23,10.23
2010-04-24,10.08
2010-04-25,10.08
2010-04-26,10.22
2010-04-27,10.11
2010-04-28,9.86
2010-04-29,9.73
2010-04-30,9.56
2010-05-01,9.77
2010-05-02,10.04
2010-05-03,10.27
2010-05-04,9.84
2010-05-05,9.86
2010-05-06,9.78
2010-05-07,9.7
2010-05-08,9.93
2010-05-09,10.32
2010-05-10,10.37
2010-05-11,10.19
2010-05-12,10.55
2010-05-13,10.64
2010-05-14,10.68
2010-05-15,10.97
2010-05-16,11.53
2010-05-17,11.86
2010-05-18,11.98
2010-05-19,12.03
2010-05-20,11.93
2010-05-21,11.74
2010-05-22,11.72
2010-05-23,11.73
2010-05-24,11.69
2010-05-25,11.83
2010-05-26,12.01
2010-05-27,11.91
2010-05-28,11.67
2010-05-29,11.89
2010-05-30,12.05
2010-05-31,12.46
2010-06-01,12.68
2010-06-02,12.43
2010-06-03,12.18
2010-06-04,12.63
2010-06-05,13.02
2010-06-06,13.38
2010-06-07,13.72
2010-06-08,13.78
2010-06-09,13.66
2010-06-10,13.39
2010-06-11,13.54
2010-06-12,13.96
2010-06-13,14.28
2010-06-14,14.27
2010-06-15,14.06
2010-06-16,13.75
2010-06-17,13.79
2010-06-18,14.02
2010-06-19,14.32
2010-06-20,13.93
2010-06-21,13.64
2010-06-22,13.99
2010-06-23,14.35
2010-06-24,14.79
2010-06-25,15.24
2010-06-26,15.31
2010-06-27,15.38
2010-06-28,15.84
2010-06-29,16.04
2010-06-30,15.67
2010-07-01,15.43
2010-07-02,15.34
2010-07-03,15.34
2010-07-04,15.69
2010-07-05,15.97
2010-07-06,16.19
2010-07-07,16.48
2010-07-08,16.86
2010-07-09,17.14
2010-07-10,17.4
2010-07-11,17.85
2010-07-12,18.03
2010-07-13,17.5
2010-07-14,17.5
2010-07-15,17.64
2010-07-16,18.0
2010-07-17,18.18
2010-07-18,18.39
2010-07-19,18.34
2010-07-20,18.54
2010-07-21,18.82
2010-07-22,19.01
2010-07-23,18.69
2010-07-24,18.82
2010-07-25,19.12
2010-07-26,19.75
2010-07-27,19.89
2010-07-28,19.71
2010-07-29,19.59
2010-07-30,20.06
2010-07-31,20.34
2010-08-01,20.25
2010-08-02,20.57
2010-08-03,20.68
2010-08-04,20.56
2010-08-05,20.54
2010-08-06,20.69
2010-08-07,20.52
2010-08-08,20.48
2010-08-09,20.69
2010-08-10,20.37
2010-08-11,20.12
2010-08-12,20.02
2010-08-13,20.19
2010-08-14,20.2
2010-08-17,20.98
2010-08-18,20.86
2010-08-19,20.49
2010-08-20,20.5
2010-08-21,20.16
2010-08-22,19.67
2010-08-23,19.28
2010-08-24,19.39
2010-08-25,19.73
2010-08-26,20.05
2010-08-27,19.68
2010-08-28,19.51
2010-08-29,19.29
2010-08-30,18.94
2010-08-31,18.6
2010-09-01,18.49
2010-09-02,18.97
2010-09-03,19.17
2010-09-04,19.52
2010-09-05,19.06
2010-09-06,18.36
2010-09-07,18.28
2010-09-08,18.02
2010-09-09,18.15
2010-09-10,18.13
2010-09-11,18.01
2010-09-12,18.15
2010-09-13,18.37
2010-09-14,18.53
2011-03-10,4.03
2011-03-11,4.03
2011-03-12,4.07
2011-03-13,3.93
2011-03-14,4.08
2011-03-15,4.31
2011-03-16,4.18
2011-03-17,4.26
2011-03-18,4.29
2011-03-19,4.6
2011-03-20,4.76
2011-03-21,4.77
2011-03-22,4.8
2011-03-23,4.87
2011-03-24,5.15
2011-03-25,5.31
2011-03-26,5.32
2011-03-27,5.29
2011-03-28,5.61
2011-03-29,5.74
2011-03-30,5.96
2011-03-31,6.3
2011-04-01,6.27
2011-04-02,6.42
2011-04-03,6.22
2011-04-04,6.03
2011-04-05,5.98
2011-04-06,5.9
2011-04-07,5.77
2011-04-08,6.05
2011-04-09,6.2
2011-04-10,6.28
2011-04-11,6.55
2011-04-12,6.52
2011-04-13,6.53
2011-04-14,6.54
2011-04-15,6.62
2011-04-16,6.85
2011-04-17,7.11
2011-04-18,7.26
2011-04-19,7.21
2011-04-20,7.26
2011-04-21,7.38
2011-04-22,7.65
2011-04-23,7.99
2011-04-24,8.15
2011-04-25,8.0
2011-04-26,7.92
2011-04-27,8.25
2011-04-28,8.26
2011-04-29,8.28
2011-04-30,8.54
2011-05-01,8.9
2011-05-02,8.91
2011-05-03,8.62
2011-05-04,9.15
2011-05-05,9.4
2011-05-06,9.58
2011-05-07,9.72
2011-05-08,9.82
2011-05-09,9.82
2011-05-10,10.32
2011-05-11,10.67
2011-05-12,10.42
2011-05-13,10.5
2011-05-14,10.74
2011-05-15,10.64
2011-05-16,10.2
2011-05-17,10.15
2011-05-18,10.37
2011-05-19,10.43
2011-05-20,10.58
2011-05-21,10.77
2011-05-22,10.99
2011-05-23,10.89
2011-05-24,11.2
2011-05-25,11.3
2011-05-26,11.26
2011-05-27,11.41
2011-05-28,11.4
2011-05-29,11.55
2011-05-30,11.62
2011-05-31,11.74
2011-06-01,11.84
2011-06-02,11.78
2011-06-03,11.96
2011-06-04,12.37
2011-06-05,12.72
2011-06-06,12.88
2011-06-07,13.18
2011-06-08,12.97
2011-06-09,12.97
2011-06-10,13.17
2011-06-11,13.08
2011-06-12,13.01
2011-06-13,12.97
2011-06-14,13.17
2011-06-15,13.11
2011-06-16,13.2
2011-06-17,13.45
2011-06-18,13.46
2011-06-19,13.54
2011-06-20,13.78
2011-06-21,14.13
2011-06-22,14.32
2011-06-23,14.43
2011-06-24,14.34
2011-06-25,14.32
2011-06-26,14.55
2011-06-27,14.61
2011-06-28,14.77
2011-06-29,14.94
2011-06-30,14.8
2011-07-01,14.76
2011-07-02,14.97
2011-07-03,15.31
2011-07-04,15.36
2011-07-05,15.5
2011-07-06,15.56
2011-07-07,15.73
2011-07-08,15.85
2011-07-09,15.7
2011-07-10,15.69
2011-07-11,15.85
2011-07-12,16.06
2011-07-13,16.15
2011-07-14,15.94
2011-07-15,15.89
2011-07-16,16.34
2011-07-17,16.62
2011-07-18,16.84
2011-07-19,16.61
2011-07-20,16.49
2011-07-21,16.67
2011-07-22,16.7
2011-07-23,16.99
2011-07-24,17.2
2011-07-25,17.44
2011-07-26,17.37
2011-07-27,17.52
2011-07-28,17.73
2011-07-29,17.99
2011-07-30,18.12
2011-07-31,18.32
2011-08-01,18.52
2011-08-02,18.65
2011-08-03,18.76
2011-08-04,18.91
2011-08-05,19.05
2011-08-06,19.08
2011-08-07,19.16
2011-08-08,19.18
2011-08-09,19.17
2011-08-10,19.04
2011-08-11,19.12
2011-08-12,19.28
2011-08-13,19.4
2011-08-14,19.26
2011-08-15,19.11
2011-08-16,19.11
2011-08-17,19.21
2011-08-18,19.28
2011-08-19,19.36
2011-08-20,19.44
2011-08-21,19.61
2011-08-22,19.75
2011-08-23,19.73
2011-08-24,19.78
2011-08-25,19.99
2011-08-26,20.06
2011-08-27,20.11
2011-08-28,20.09
2011-08-29,20.11
2011-08-30,19.95
2011-08-31,19.6
2011-09-01,19.17
2011-09-02,19.14
2011-09-03,19.21
2011-09-04,19.26
2011-09-05,19.56
2011-09-06,19.81
2011-09-07,19.81
2011-09-08,19.83
2011-09-09,19.81
2011-09-10,19.95
2011-09-11,19.99
2011-09-12,20.16
2011-09-13,20.24
2011-09-14,20.21
2011-09-15,19.79
2011-09-16,19.42
2012-03-07,4.4
2012-03-08,4.09
2012-03-09,4.25
2012-03-10,4.51
2012-03-11,4.72
2012-03-12,4.49
2012-03-13,4.65
2012-03-14,4.43
2012-03-15,4.66
2012-03-16,4.94
2012-03-17,5.0
2012-03-18,4.73
2012-03-19,4.57
2012-03-20,4.67
2012-03-21,4.53
2012-03-22,4.57
2012-03-23,4.9
2012-03-24,5.03
2012-03-25,5.14
2012-03-26,5.47
2012-03-27,5.27
2012-03-28,5.44
2012-03-29,5.41
2012-03-30,5.43
2012-03-31,5.25
2012-04-01,5.18
2012-04-02,5.27
2012-04-03,5.53
2012-04-04,5.63
2012-04-05,5.66
2012-04-06,5.6
2012-04-07,5.77
2012-04-08,6.06
2012-04-09,6.23
2012-04-10,6.31
2012-04-11,6.23
2012-04-12,6.44
2012-04-13,6.63
2012-04-14,6.83
2012-04-15,7.2
2012-04-16,7.14
2012-04-17,7.08
2012-04-18,7.28
2012-04-19,7.37
2012-04-20,7.57
2012-04-21,7.82
2012-04-22,8.23
2012-04-23,8.42
2012-04-24,8.96
2012-04-25,8.98
2012-04-26,8.93
2012-04-27,8.79
2012-04-28,9.09
2012-04-29,9.34
2012-04-30,9.52
2012-05-01,9.29
2012-05-02,9.19
2012-05-03,9.35
2012-05-04,9.3
2012-05-05,9.41
2012-05-06,9.63
2012-05-07,9.84
2012-05-08,10.28
2012-05-09,10.57
2012-05-10,10.36
2012-05-11,10.66
2012-05-12,11.04
2012-05-13,11.52
2012-05-14,11.84
2012-05-15,12.06
2012-05-16,12.27
2012-05-17,12.32
2012-05-18,12.21
2012-05-19,12.26
2012-05-20,12.13
2012-05-21,11.83
2012-05-22,11.51
2012-05-23,11.28
2012-05-24,11.48
2012-05-25,11.63
2012-05-26,11.63
2012-05-27,12.0
2012-05-28,12.44
2012-05-29,12.56
2012-05-30,12.56
2012-05-31,12.84
2012-06-01,13.3
2012-06-02,13.77
2012-06-03,13.77
2012-06-04,13.57
2012-06-05,13.27
2012-06-06,13.17
2012-06-07,13.04
2012-06-08,12.96
2012-06-09,12.76
2012-06-10,12.52
2012-06-11,12.94
2012-06-12,13.33
2012-06-13,13.65
2012-06-14,13.93
2012-06-15,14.05
2012-06-16,14.34
2012-06-17,14.78
2012-06-18,14.54
2012-06-19,14.3
2012-06-20,14.44
2012-06-21,14.68
2012-06-22,14.81
2012-06-23,14.68
2012-06-24,14.68
2012-06-25,14.48
2012-06-26,14.14
2012-06-27,13.91
2012-06-28,14.1
2012-06-29,14.21
2012-06-30,14.17
2012-07-01,14.47
2012-07-02,14.78
2012-07-03,14.93
2012-07-04,14.91
2012-07-05,14.96
2012-07-06,15.19
2012-07-07,15.53
2012-07-08,15.8
2012-07-09,15.83
2012-07-10,16.28
2012-07-11,16.63
2012-07-12,16.72
2012-07-13,16.77
2012-07-14,16.79
2012-07-15,16.97
2012-07-16,16.84
2012-07-17,17.11
2012-07-18,17.43
2012-07-19,17.53
2012-07-20,17.38
2012-07-21,17.42
2012-07-22,17.42
2012-07-23,17.14
2012-07-24,17.24
2012-07-25,17.57
2012-07-26,17.85
2012-07-27,18.11
2012-07-28,18.21
2012-07-29,18.27
2012-07-30,18.48
2012-07-31,18.58
2012-08-01,18.68
2012-08-02,18.65
2012-08-03,18.63
2012-08-04,18.86
2012-08-05,19.21
2012-08-06,19.47
2012-08-07,19.58
2012-08-08,19.57
2012-08-09,19.41
2012-08-10,19.14
2012-08-11,19.13
2012-08-12,19.28
2012-08-13,19.4
2012-08-14,19.55
2012-08-15,19.48
2012-08-16,19.52
2012-08-17,19.58
2012-08-18,19.68
2012-08-19,19.8
2012-08-20,19.73
2012-08-21,19.79
2012-08-22,19.47
2012-08-23,19.26
2012-08-24,18.79
2012-08-25,18.63
2012-08-26,18.81
2012-08-27,19.01
2012-08-28,19.2
2012-08-29,19.07
2012-08-30,18.99
2012-08-31,18.95
2012-09-01,18.95
2012-09-02,18.85
2012-09-03,18.83
2012-09-04,18.93
2012-09-05,18.92
2012-09-06,18.97
2012-09-07,19.09
2012-09-08,19.27
2012-09-09,19.45
2012-09-10,19.1
2012-09-11,18.53
2012-09-12,18.24
2012-09-13,18.21
2012-09-14,18.35
2012-09-15,18.51
2012-09-16,18.53
2012-09-17,18.48
2012-09-18,18.45
2012-09-19,18.48
2012-09-20,18.44
2012-09-21,18.35
2012-09-22,18.26
2012-09-23,18.03
2012-09-24,17.85
2012-09-25,17.88
2012-09-26,17.76
2012-09-27,17.75
2012-09-28,17.91
2012-09-29,17.99
2012-09-30,18.07
2012-10-01,17.92
2012-10-02,17.8
2012-10-03,17.18
2012-10-04,16.53
2012-10-05,16.28
2013-03-21,6.18
2013-03-22,5.89
2013-03-23,5.89
2013-03-24,5.91
2013-03-25,6.13
2013-03-26,6.51
2013-03-27,6.89
2013-03-28,6.92
2013-03-29,6.8
2013-03-30,6.95
2013-03-31,7.2
2013-04-01,7.51
2013-04-02,7.94
2013-04-03,8.19
2013-04-04,8.05
2013-04-05,7.84
2013-04-06,8.11
2013-04-07,8.17
2013-04-08,8.04
2013-04-09,7.94
2013-04-10,7.92
2013-04-11,7.68
2013-04-12,7.53
2013-04-13,7.3
2013-04-14,7.17
2013-04-15,7.13
2013-04-16,7.05
2013-04-17,7.21
2013-04-18,7.58
2013-04-19,7.69
2013-04-20,7.91
2013-04-21,8.22
2013-04-22,8.36
2013-04-23,8.41
2013-04-24,8.49
2013-04-25,8.89
2013-04-26,9.34
2013-04-27,9.3
2013-04-28,9.51
2013-04-29,9.7
2013-04-30,9.44
2013-05-01,9.41
2013-05-02,9.72
2013-05-03,10.29
2013-05-04,10.68
2013-05-05,10.89
2013-05-06,11.15
2013-05-07,11.27
2013-05-08,11.41
2013-05-09,11.66
2013-05-10,12.09
2013-05-11,12.27
2013-05-12,12.42
2013-05-13,12.04
2013-05-14,11.86
2013-05-15,11.75
2013-05-16,11.74
2013-05-17,11.88
2013-05-18,11.67
2013-05-19,11.78
2013-05-20,12.12
2013-05-21,11.98
2013-05-22,11.68
2013-05-23,12.03
2013-05-24,12.21
2013-05-25,12.26
2013-05-26,12.21
2013-05-27,12.36
2013-05-28,12.56
2013-05-29,12.66
2013-05-30,12.69
2013-05-31,13.22
2013-06-01,13.63
2013-06-02,13.86
2013-06-03,14.18
2013-06-04,14.53
2013-06-05,14.86
2013-06-06,15.22
2013-06-07,15.58
2013-06-08,15.68
2013-06-09,15.82
2013-06-10,15.83
2013-06-11,15.66
2013-06-12,15.6
2013-06-13,15.4
2013-06-14,15.32
2013-06-15,15.49
2013-06-16,15.82
2013-06-17,15.9
2013-06-18,15.4
2013-06-19,14.88
2013-06-20,15.04
2013-06-21,15.08
2013-06-22,15.33
2013-06-23,15.36
2013-06-24,15.12
2013-06-25,14.97
2013-06-26,15.09
2013-06-27,15.3
2013-06-28,15.69
2013-06-29,16.2
2013-06-30,16.57
2013-07-01,17.04
2013-07-02,17.32
2013-07-03,17.57
2013-07-04,17.57
2013-07-05,17.59
2013-07-06,17.63
2013-07-07,17.95
2013-07-08,18.33
2013-07-09,18.52
2013-07-10,18.63
2013-07-11,18.49
2013-07-12,18.23
2013-07-13,18.01
2013-07-14,18.18
2013-07-15,18.38
2013-07-16,18.32
2013-07-17,18.61
2013-07-18,19.06
2013-07-19,19.22
2013-07-20,19.19
2013-07-21,19.19
2013-07-22,19.42
2013-07-23,19.75
2013-07-24,19.93
2013-07-25,20.12
2013-07-26,20.23
2013-07-27,20.21
2013-07-28,20.33
2013-07-29,20.2
2013-07-30,20.29
2013-07-31,20.25
2013-08-01,19.88
2013-08-02,19.61
2013-08-03,19.7
2013-08-04,20.24
2013-08-05,20.36
2013-08-06,20.33
2013-08-07,20.32
2013-08-08,20.37
2013-08-09,20.39
2013-08-10,20.6
2013-08-11,20.91
2013-08-12,21.06
2013-08-13,21.15
2013-08-14,21.31
2013-08-15,21.4
2013-08-16,21.43
2013-08-17,21.37
2013-08-18,21.24
2013-08-19,21.3
2013-08-20,21.2
2013-08-21,20.95
2013-08-22,20.92
2013-08-23,20.86
2013-08-24,20.88
2013-08-25,20.9
2013-08-26,20.64
2013-08-27,20.71
2013-08-28,20.93
2013-08-29,20.98
2013-08-30,20.95
2013-08-31,20.94
2013-09-01,21.0
2013-09-02,21.05
2013-09-03,21.22
2013-09-04,21.51
2013-09-05,21.58
2013-09-06,21.0
2013-09-07,20.6
2013-09-08,20.98
2013-09-09,21.18
2013-09-10,21.35
2013-09-11,21.46
2013-09-12,21.58
2013-09-13,21.64
2013-09-14,21.8
2013-09-15,21.76
2013-09-16,21.47
2013-09-17,20.99
2013-09-18,20.26
2013-09-19,19.9
2013-09-20,19.77
2013-09-21,19.63
2013-09-22,19.24
2013-09-23,18.62
2013-09-24,18.46
2013-09-25,18.22
2014-03-11,4.93
2014-03-12,4.77
2014-03-13,4.83
2014-03-14,5.04
2014-03-15,5.0
2014-03-16,5.43
2014-03-17,5.49
2014-03-18,5.14
2014-03-19,5.09
2014-03-20,4.95
2014-03-21,4.8
2014-03-22,4.75
2014-03-23,4.92
2014-03-24,5.03
2014-03-25,4.92
2014-03-26,5.04
2014-03-27,5.2
2014-03-28,4.95
2014-03-29,5.13
2014-03-30,5.26
2014-03-31,5.34
2014-04-01,5.54
2014-04-02,5.63
2014-04-03,5.81
2014-04-04,6.01
2014-04-05,6.05
2014-04-06,6.28
2014-04-07,6.69
2014-04-08,7.0
2014-04-09,7.3
2014-04-10,7.22
2014-04-11,7.37
2014-04-12,7.55
2014-04-13,7.55
2014-04-14,7.64
2014-04-15,7.69
2014-04-16,7.82
2014-04-17,7.66
2014-04-18,7.47
2014-04-19,7.46
2014-04-20,7.55
2014-04-21,7.6
2014-04-22,7.81
2014-04-23,7.74
2014-04-24,7.92
2014-04-25,8.14
2014-04-26,8.29
2014-04-27,8.43
2014-04-28,8.73
2014-04-29,9.08
2014-04-30,9.4
2014-05-01,9.76
2014-05-02,10.05
2014-05-03,10.44
2014-05-04,10.58
2014-05-05,10.41
2014-05-06,10.58
2014-05-07,10.81
2014-05-08,10.96
2014-05-09,10.92
2014-05-10,10.72
2014-05-11,10.87
2014-05-12,11.04
2014-05-13,11.44
2014-05-14,11.81
2014-05-15,12.02
2014-05-16,12.16
2014-05-17,12.26
2014-05-18,12.06
2014-05-19,12.07
2014-05-20,12.34
2014-05-21,12.53
2014-05-22,12.8
2014-05-23,12.85
2014-05-24,12.92
2014-05-25,12.97
2014-05-26,13.12
2014-05-27,13.06
2014-05-28,12.93
2014-05-29,12.69
2014-05-30,13.01
2014-05-31,13.47
2014-06-01,13.89
2014-06-02,14.03
2014-06-03,14.39
2014-06-04,14.54
2014-06-05,14.68
2014-06-06,14.67
2014-06-07,14.75
2014-06-08,15.05
2014-06-09,15.31
2014-06-10,15.25
2014-06-11,15.22
2014-06-12,15.24
2014-06-13,14.86
2014-06-14,14.83
2014-06-15,14.96
2014-06-16,14.65
2014-06-17,14.37
2014-06-18,14.52
2014-06-19,14.99
2014-06-20,15.21
2014-06-21,15.15
2014-06-22,15.34
2014-06-23,15.83
2014-06-24,16.25
2014-06-25,16.41
2014-06-26,16.44
2014-06-27,16.27
2014-06-28,16.11
2014-06-29,16.31
2014-06-30,16.5
2014-07-01,16.73
2014-07-02,16.94
2014-07-03,17.07
2014-07-04,16.97
2014-07-05,16.98
2014-07-06,17.41
2014-07-07,17.74
2014-07-08,18.12
2014-07-09,18.48
2014-07-10,18.57
2014-07-11,18.51
2014-07-12,18.61
2014-07-13,18.59
2014-07-14,18.59
2014-07-15,18.9
2014-07-16,19.03
2014-07-17,19.05
2014-07-18,18.95
2014-07-19,19.13
2014-07-20,19.29
2014-07-21,18.76
2014-07-22,18.72
2014-07-23,18.8
2014-07-24,18.3
2014-07-25,18.45
2014-07-26,18.52
2014-07-27,18.75
2014-07-28,19.07
2014-07-29,19.5
2014-07-30,19.97
2014-07-31,20.3
2014-08-01,20.47
2014-08-02,20.45
2014-08-03,20.39
2014-08-04,20.75
2014-08-05,20.95
2014-08-06,20.87
2014-08-07,20.78
2014-08-08,20.6
2014-08-09,20.51
2014-08-10,20.57
2014-08-11,20.68
2014-08-12,20.76
2014-08-13,20.74
2014-08-14,20.82
2014-08-15,20.98
2014-08-16,21.08
2014-08-17,21.27
2014-08-18,21.29
2014-08-19,21.29
2014-08-20,21.06
2014-08-21,20.91
2014-08-22,20.59
2014-08-23,20.66
2014-08-24,20.92
2014-08-25,20.91
2014-08-26,21.03
2014-08-27,21.08
2014-08-28,21.18
2014-08-29,21.02
2014-08-30,20.59
2014-08-31,20.12
2014-09-01,19.92
2014-09-02,19.87
2014-09-03,19.46
2014-09-04,19.34
2014-09-05,19.55
2014-09-06,19.71
2014-09-07,19.97
2014-09-08,20.12
2014-09-09,20.07
2014-09-10,19.9
2014-09-11,19.05
2014-09-12,18.54
2014-09-13,18.83
2014-09-14,18.9
2014-09-15,18.97
2014-09-16,19.11
2015-03-23,6.78
2015-03-24,6.73
2015-03-25,6.83
2015-03-26,6.97
2015-03-27,7.26
2015-03-28,7.58
2015-03-29,7.59
2015-03-30,7.52
2015-03-31,7.54
2015-04-01,7.5
2015-04-02,7.52
2015-04-03,7.49
2015-04-04,7.58
2015-04-05,7.32
2015-04-06,7.47
2015-04-07,7.65
2015-04-08,7.84
2015-04-09,8.03
2015-04-10,8.03
2015-04-11,7.86
2015-04-12,7.78
2015-04-13,8.0
2015-04-14,7.98
2015-04-15,8.21
2015-04-16,8.6
2015-04-17,8.9
2015-04-18,9.25
2015-04-19,9.56
2015-04-20,9.88
2015-04-21,10.25
2015-04-22,10.29
2015-04-23,10.28
2015-04-24,9.96
2015-04-25,10.02
2015-04-26,10.24
2015-04-27,10.68
2015-04-28,11.15
2015-04-29,11.36
2015-04-30,11.36
2015-05-01,11.61
2015-05-02,11.54
2015-05-03,11.69
2015-05-04,11.87
2015-05-05,11.81
2015-05-06,11.71
2015-05-07,11.71
2015-05-08,11.89
2015-05-09,12.19
2015-05-10,12.6
2015-05-11,12.87
2015-05-12,12.82
2015-05-13,12.04
2015-05-14,11.89
2015-05-15,12.45
2015-05-16,12.79
2015-05-17,13.06
2015-05-18,13.05
2015-05-19,13.06
2015-05-20,13.29
2015-05-21,13.65
2015-05-22,14.13
2015-05-23,14.7
2015-05-24,15.01
2015-05-25,15.05
2015-05-26,14.95
2015-05-27,14.95
2015-05-28,15.34
2015-05-29,15.71
2015-05-30,16.01
2015-05-31,16.15
2015-06-01,16.05
2015-06-02,15.92
2015-06-03,15.81
2015-06-04,16.12
2015-06-05,16.28
2015-06-06,16.69
2015-06-07,16.95
2015-06-08,17.27
2015-06-09,17.63
2015-06-10,17.59
2015-06-11,17.78
2015-06-12,17.75
2015-06-13,17.58
2015-06-14,17.54
2015-06-15,17.85
2015-06-16,18.14
2015-06-17,18.11
2015-06-18,18.45
2015-06-19,18.59
2015-06-20,18.52
2015-06-21,18.54
2015-06-22,18.41
2015-06-23,18.57
2015-06-24,18.4
2015-06-25,18.32
2015-06-26,18.8
2015-06-27,19.23
2015-06-28,19.58
2015-06-29,19.96
2015-06-30,20.11
2015-07-01,20.32
2015-07-02,20.24
2015-07-03,20.22
2015-07-04,20.48
2015-07-05,20.61
2015-07-06,20.56
2015-07-07,20.92
2015-07-08,21.13
2015-07-09,21.2
2015-07-10,21.35
2015-07-11,21.12
2015-07-12,20.81
2015-07-13,20.92
2015-07-14,20.77
2015-07-15,20.75
2015-07-16,20.5
2015-07-17,20.25
2015-07-18,20.17
2015-07-19,20.38
2015-07-20,20.74
2015-07-21,20.67
2015-07-22,20.25
2015-07-23,20.08
2015-07-24,19.98
2015-07-25,20.15
2015-07-26,19.98
2015-07-27,19.85
2015-07-28,19.84
2015-07-29,20.0
2015-07-30,20.38
2015-07-31,20.79
2015-08-01,21.12
2015-08-02,21.02
2015-08-03,21.07
2015-08-04,20.83
2015-08-05,21.03
2015-08-06,20.77
2015-08-07,20.61
2015-08-08,20.71
2015-08-09,20.82
2015-08-10,20.9
2015-08-11,21.04
2015-08-12,21.45
2015-08-13,21.72
2015-08-14,21.61
2015-08-15,21.22
2015-08-16,21.1
2015-08-17,20.88
2015-08-18,20.95
2015-08-19,21.18
2015-08-20,21.35
2015-08-21,21.04
2015-08-22,20.56
2015-08-23,20.4
2015-08-24,20.59
2015-08-25,20.72
2015-08-26,20.63
2015-08-27,20.71
2015-08-28,20.63
2015-08-29,20.35
2015-08-30,19.92
2015-08-31,19.44
2015-09-01,19.62
2015-09-02,19.67
2015-09-03,19.61
2015-09-04,19.29
2015-09-05,18.77
2015-09-06,18.57
2015-09-07,18.59
2015-09-08,19.04
2015-09-09,19.26
2015-09-10,19.6
2015-09-11,19.54
2016-03-23,6.99
2016-03-24,6.98
2016-03-25,6.96
2016-03-26,7.04
2016-03-27,7.36
2016-03-28,7.17
2016-03-29,7.17
2016-03-30,7.59
2016-03-31,7.84
2016-04-01,8.05
2016-04-02,8.5
2016-04-03,8.74
2016-04-04,9.04
2016-04-05,8.94
2016-04-06,8.78
2016-04-07,8.91
2016-04-08,9.3
2016-04-09,9.6
2016-04-10,9.73
2016-04-11,9.83
2016-04-12,9.93
2016-04-13,9.78
2016-04-14,9.55
2016-04-15,9.46
2016-04-16,9.53
2016-04-17,9.6
2016-04-18,9.63
2016-04-19,9.76
2016-04-20,9.95
2016-04-21,10.24
2016-04-22,10.4
2016-04-23,10.62
2016-04-24,10.83
2016-04-25,10.8
2016-04-26,10.81
2016-04-27,10.76
2016-04-28,10.94
2016-04-29,11.02
2016-04-30,11.18
2016-05-01,11.58
2016-05-02,12.02
2016-05-03,12.43
2016-05-04,12.63
2016-05-05,12.8
2016-05-06,12.91
2016-05-07,13.4
2016-05-08,13.67
2016-05-09,13.27
2016-05-10,13.22
2016-05-11,13.48
2016-05-12,13.76
2016-05-13,13.89
2016-05-14,13.58
2016-05-15,13.18
2016-05-16,13.47
2016-05-17,14.0
2016-05-18,14.17
2016-05-19,13.9
2016-05-20,13.9
2016-05-21,13.93
2016-05-22,14.07
2016-05-23,14.36
2016-05-24,14.58
2016-05-25,14.87
2016-05-26,14.84
2016-05-27,14.77
2016-05-28,14.74
2016-05-29,14.98
2016-05-30,14.92
2016-05-31,15.18
2016-06-01,15.43
2016-06-02,15.6
2016-06-03,15.94
2016-06-04,16.43
2016-06-05,16.72
2016-06-06,16.89
2016-06-07,17.18
2016-06-08,17.11
2016-06-09,16.73
2016-06-10,16.8
2016-06-11,16.66
2016-06-12,16.84
2016-06-13,16.9
2016-06-14,16.4
2016-06-15,16.4
2016-06-16,16.27
2016-06-17,16.16
2016-06-18,15.97
2016-06-19,15.71
2016-06-20,16.27
2016-06-21,16.55
2016-06-22,16.69
2016-06-23,16.77
2016-06-24,16.67
2016-06-25,16.65
2016-06-26,17.0
2016-06-27,17.5
2016-06-28,17.93
2016-06-29,18.36
2016-06-30,18.49
2016-07-01,18.52
2016-07-02,18.57
2016-07-03,18.77
2016-07-04,18.74
2016-07-05,18.48
2016-07-06,18.44
2016-07-07,18.54
2016-07-08,18.42
2016-07-09,18.58
2016-07-10,18.46
2016-07-11,18.38
2016-07-12,18.57
2016-07-13,18.55
2016-07-14,18.75
2016-07-15,18.69
2016-07-16,18.6
2016-07-17,18.67
2016-07-18,18.83
2016-07-19,18.55
2016-07-20,18.74
2016-07-21,19.21
2016-07-22,19.27
2016-07-23,19.12
2016-07-24,19.42
2016-07-25,19.67
2016-07-26,19.91
2016-07-27,20.11
2016-07-28,20.28
2016-07-29,20.49
2016-07-30,20.7
2016-07-31,20.5
2016-08-01,20.41
2016-08-02,20.27
2016-08-03,19.92
2016-08-04,20.01
2016-08-05,20.21
2016-08-06,20.44
2016-08-07,20.32
2016-08-08,20.01
2016-08-09,19.93
2016-08-10,19.99
2016-08-11,20.08
2016-08-12,20.28
2016-08-13,20.42
2016-08-14,20.61
2016-08-15,20.85
2016-08-16,20.78
2016-08-17,20.96
2016-08-18,21.11
2016-08-19,20.89
2016-08-20,20.82
2016-08-21,21.06
2016-08-22,20.97
2016-08-23,20.72
2016-08-24,20.57
2016-08-25,20.62
2016-08-26,20.84
2016-08-27,20.84
2016-08-28,20.65
2016-08-29,20.63
2016-08-30,20.54
2016-08-31,20.0
2016-09-01,20.03
2016-09-02,19.77
2016-09-03,19.59
2016-09-04,19.43
2016-09-05,19.29
2016-09-06,19.03
2017-03-13,4.01
2017-03-14,3.92
2017-03-15,4.31
2017-03-16,4.71
2017-03-17,4.5
2017-03-18,4.49
2017-03-19,4.56
2017-03-20,4.33
2017-03-21,4.06
2017-03-22,4.03
2017-03-23,4.15
2017-03-24,4.15
2017-03-25,4.16
2017-03-26,4.27
2017-03-27,4.37
2017-03-28,4.51
2017-03-29,4.6
2017-03-30,4.92
2017-03-31,5.28
2017-04-01,5.49
2017-04-02,5.78
2017-04-03,5.97
2017-04-04,5.92
2017-04-05,6.11
2017-04-06,6.31
2017-04-07,6.73
2017-04-08,6.56
2017-04-09,6.43
2017-04-10,6.71
2017-04-11,6.75
2017-04-12,6.8
2017-04-13,7.02
2017-04-14,7.03
2017-04-15,7.12
2017-04-16,7.23
2017-04-17,7.62
2017-04-18,7.86
2017-04-19,8.02
2017-04-20,8.25
2017-04-21,8.37
2017-04-22,8.6
2017-04-23,8.72
2017-04-24,8.71
2017-04-25,8.84
2017-04-26,8.86
2017-04-27,8.77
2017-04-28,9.04
2017-04-29,9.12
2017-04-30,9.42
2017-05-01,9.19
2017-05-02,9.22
2017-05-03,9.72
2017-05-04,10.02
2017-05-05,10.12
2017-05-06,10.08
2017-05-07,10.13
2017-05-08,10.32
2017-05-09,10.59
2017-05-10,10.79
2017-05-11,10.65
2017-05-12,10.4
2017-05-13,10.36
2017-05-14,10.42
2017-05-15,10.46
2017-05-16,10.4
2017-05-17,10.37
2017-05-18,10.76
2017-05-19,11.05
2017-05-20,11.47
2017-05-21,11.77
2017-05-22,12.11
2017-05-23,12.46
2017-05-24,12.39
2017-05-25,11.97
2017-05-26,12.25
2017-05-27,12.62
2017-05-28,12.82
2017-05-29,12.99
2017-05-30,13.1
2017-05-31,12.95
2017-06-01,12.96
2017-06-02,13.14
2017-06-03,13.32
2017-06-04,13.0
2017-06-05,13.03
2017-06-06,13.29
2017-06-07,13.6
2017-06-08,13.7
2017-06-09,13.78
2017-06-10,13.89
2017-06-11,13.94
2017-06-12,14.15
2017-06-13,14.24
2017-06-14,14.08
2017-06-15,14.2
2017-06-16,14.28
2017-06-17,14.65
2017-06-18,15.04
2017-06-19,15.37
2017-06-20,15.61
2017-06-21,15.85
2017-06-22,15.75
2017-06-23,15.99
2017-06-24,16.32
2017-06-25,16.59
2017-06-26,16.93
2017-06-27,17.04
2017-06-28,17.06
2017-06-29,17.11
2017-06-30,17.26
2017-07-01,17.53
2017-07-02,17.92
2017-07-03,18.16
2017-07-04,18.25
2017-07-05,18.38
2017-07-06,18.61
2017-07-07,18.84
2017-07-08,18.89
2017-07-09,18.96
2017-07-10,19.12
2017-07-11,19.18
2017-07-12,19.03
2017-07-13,19.1
2017-07-14,19.32
2017-07-15,19.51
2017-07-16,19.37
2017-07-17,19.18
2017-07-18,18.9
2017-07-19,19.03
2017-07-20,19.26
2017-07-21,19.17
2017-07-22,19.25
2017-07-23,19.5
2017-07-24,19.76
2017-07-25,19.78
2017-07-26,19.81
2017-07-27,19.95
2017-07-28,20.17
2017-07-29,20.09
2017-07-30,20.26
2017-07-31,20.38
2017-08-01,20.26
2017-08-02,20.39
2017-08-03,20.42
2017-08-04,20.61
2017-08-05,20.49
2017-08-06,20.5
2017-08-07,20.78
2017-08-08,20.91
2017-08-09,20.87
2017-08-10,20.86
2017-08-11,20.8
2017-08-12,20.9
2017-08-13,20.73
2017-08-14,20.42
2017-08-15,20.17
2017-08-16,20.35
2017-08-17,20.46
2017-08-18,20.49
2017-08-19,20.44
2017-08-20,20.46
2017-08-21,20.42
2017-08-22,20.72
2017-08-23,21.04
2017-08-24,21.14
2017-08-25,21.04
2017-08-26,20.69
2017-08-27,20.66
2017-08-28,20.92
2017-08-29,21.13
2017-08-30,21.25
2017-08-31,21.05
2017-09-01,20.83
2017-09-02,20.58
2017-09-03,20.73
2017-09-04,20.8
2017-09-05,20.73
2017-09-06,20.56
2017-09-07,20.43
2017-09-08,20.41
2017-09-09,20.6
2017-09-10,20.66
2017-09-11,20.68
2017-09-12,20.69
2017-09-13,20.75
2017-09-14,20.4
2017-09-15,19.74
2018-03-22,5.42
2018-03-23,5.31
2018-03-24,5.48
2018-03-25,5.61
2018-03-26,5.36
2018-03-27,5.3
2018-03-28,5.57
2018-03-29,5.84
2018-03-30,6.08
2018-03-31,6.04
2018-04-01,5.99
2018-04-02,5.83
2018-04-03,5.84
2018-04-04,5.81
2018-04-05,5.94
2018-04-06,6.14
2018-04-07,6.18
2018-04-08,6.14
2018-04-09,6.32
2018-04-10,6.53
2018-04-11,6.62
2018-04-12,6.63
2018-04-13,6.58
2018-04-14,7.08
2018-04-15,7.56
2018-04-16,7.26
2018-04-17,7.19
2018-04-18,7.51
2018-04-19,7.72
2018-04-20,8.05
2018-04-21,8.34
2018-04-22,8.29
2018-04-23,8.39
2018-04-24,8.7
2018-04-25,8.96
2018-04-26,9.2
2018-04-27,9.47
2018-04-28,9.6
2018-04-29,9.67
2018-04-30,9.74
2018-05-01,10.0
2018-05-02,10.01
2018-05-03,10.14
2018-05-04,10.3
2018-05-05,10.25
2018-05-06,10.18
2018-05-07,10.43
2018-05-08,10.65
2018-05-09,10.62
2018-05-10,10.71
2018-05-11,10.89
2018-05-12,11.02
2018-05-13,11.37
2018-05-14,11.61
2018-05-15,11.78
2018-05-16,11.92
2018-05-17,12.25
2018-05-18,12.47
2018-05-19,12.57
2018-05-20,12.63
2018-05-21,12.65
2018-05-22,12.82
2018-05-23,13.04
2018-05-24,13.29
2018-05-25,13.41
2018-05-26,13.45
2018-05-27,13.68
2018-05-28,14.02
2018-05-29,14.11
2018-05-30,13.86
2018-05-31,13.68
2018-06-01,13.61
2018-06-02,13.78
2018-06-03,13.98
2018-06-04,13.99
2018-06-05,14.04
2018-06-06,14.32
2018-06-07,14.58
2018-06-08,14.9
2018-06-09,14.76
2018-06-10,14.38
2018-06-11,14.6
2018-06-12,14.81
2018-06-13,15.22
2018-06-14,15.39
2018-06-15,15.58
2018-06-16,15.62
2018-06-17,15.62
2018-06-18,15.77
2018-06-19,16.15
2018-06-20,16.75
2018-06-21,17.15
2018-06-22,17.33
2018-06-23,17.3
2018-06-24,17.6
2018-06-25,17.79
2018-06-26,17.57
2018-06-27,17.58
2018-06-28,17.28
2018-06-29,17.11
2018-06-30,17.03
2018-07-01,16.95
2018-07-02,16.92
2018-07-03,16.53
2018-07-04,16.43
2018-07-05,16.82
2018-07-06,17.46
2018-07-07,17.61
2018-07-08,17.74
2018-07-09,18.0
2018-07-10,18.23
2018-07-11,18.28
2018-07-12,18.47
2018-07-13,18.81
2018-07-14,18.92
2018-07-15,19.01
2018-07-16,19.32
2018-07-17,19.51
2018-07-18,19.54
2018-07-19,19.65
2018-07-20,19.39
2018-07-21,19.19
2018-07-22,19.19
2018-07-23,19.56
2018-07-24,19.72
2018-07-25,19.83
2018-07-26,20.01
2018-07-27,20.32
2018-07-28,20.44
2018-07-29,20.35
2018-07-30,20.31
2018-07-31,20.47
2018-08-01,20.51
2018-08-02,20.54
2018-08-03,20.28
2018-08-04,20.32
2018-08-05,20.22
2018-08-06,20.44
2018-08-07,20.75
2018-08-08,20.98
2018-08-09,21.12
2018-08-10,21.31
2018-08-11,21.33
2018-08-12,21.12
2018-08-13,20.87
2018-08-14,20.5
2018-08-15,20.38
2018-08-16,20.58
2018-08-17,20.7
2018-08-18,20.68
2018-08-19,20.5
2018-08-20,20.11
2018-08-21,20.04
2018-08-22,20.35
2018-08-23,20.42
2018-08-24,19.9
2018-08-25,19.49
2018-08-26,19.08
2018-08-27,18.94
2018-08-28,19.12
2018-08-29,19.34
2018-08-30,19.6
2018-08-31,19.6
2018-09-01,19.46
2018-09-02,19.52
2018-09-03,19.61
2018-09-04,19.62
2018-09-05,19.5
2019-03-22,5.95
2019-03-23,5.99
2019-03-24,6.06
2019-03-25,5.69
2019-03-26,5.82
2019-03-27,6.0
2019-03-28,5.93
2019-03-29,6.23
2019-03-30,6.5
2019-03-31,6.83
2019-04-01,7.05
2019-04-02,7.34
2019-04-03,7.78
2019-04-04,7.75
2019-04-05,7.67
2019-04-06,7.74
2019-04-07,7.85
2019-04-08,7.7
2019-04-09,7.64
2019-04-10,7.81
2019-04-11,8.07
2019-04-12,8.17
2019-04-13,8.09
2019-04-14,7.73
2019-04-15,7.67
2019-04-16,8.29
2019-04-17,8.47
2019-04-18,8.72
2019-04-19,8.97
2019-04-20,9.16
2019-04-21,9.42
2019-04-22,9.73
2019-04-23,9.71
2019-04-24,9.37
2019-04-25,9.11
2019-04-26,9.28
2019-04-27,9.31
2019-04-28,9.02
2019-04-29,8.92
2019-04-30,9.07
2019-05-01,9.18
2019-05-02,9.15
2019-05-03,9.33
2019-05-04,9.5
2019-05-05,9.89
2019-05-06,10.17
2019-05-07,10.39
2019-05-08,10.6
2019-05-09,10.73
2019-05-10,11.02
2019-05-11,11.37
2019-05-12,11.83
2019-05-13,12.06
2019-05-14,11.81
2019-05-15,11.34
2019-05-16,11.37
2019-05-17,11.31
2019-05-18,11.58
2019-05-19,11.88
2019-05-20,11.8
2019-05-21,11.49
2019-05-22,11.65
2019-05-23,12.14
2019-05-24,12.5
2019-05-25,12.37
2019-05-26,12.68
2019-05-27,12.84
2019-05-28,13.5
2019-05-29,13.89
2019-05-30,13.96
2019-05-31,13.99
2019-06-01,14.22
2019-06-02,14.59
2019-06-03,14.96
2019-06-04,14.96
2019-06-05,15.18
2019-06-06,15.0
2019-06-07,14.55
2019-06-08,14.51
2019-06-09,15.02
2019-06-10,15.29
2019-06-11,15.57
2019-06-12,15.82
2019-06-13,15.98
2019-06-14,15.98
2019-06-15,16.15
2019-06-16,16.29
2019-06-17,16.56
2019-06-18,17.0
2019-06-19,17.12
2019-06-20,16.55
2019-06-21,16.19
2019-06-22,16.35
2019-06-23,16.89
2019-06-24,16.87
2019-06-25,17.09
2019-06-26,17.03
2019-06-27,16.51
2019-06-28,16.47
2019-06-29,16.71
2019-06-30,17.08
2019-07-01,17.36
2019-07-02,17.45
2019-07-03,17.46
2019-07-04,17.54
2019-07-05,17.77
2019-07-06,17.89
2019-07-07,18.09
2019-07-08,18.14
2019-07-09,18.36
2019-07-10,18.43
2019-07-11,18.73
2019-07-12,19.06
2019-07-13,19.2
2019-07-14,19.23
2019-07-15,19.32
2019-07-16,19.2
2019-07-17,19.28
2019-07-18,18.94
2019-07-19,18.71
2019-07-20,18.63
2019-07-21,18.74
2019-07-22,19.33
2019-07-23,19.78
2019-07-24,19.91
2019-07-25,19.7
2019-07-26,19.56
2019-07-27,19.78
2019-07-28,19.83
2019-07-29,19.95
2019-07-30,20.17
2019-07-31,20.11
2019-08-01,20.03
2019-08-02,20.2
2019-08-03,20.33
2019-08-04,20.4
2019-08-05,20.59
2019-08-06,20.79
2019-08-07,20.86
2019-08-08,20.81
2019-08-09,20.56
2019-08-10,20.87
2019-08-11,20.93
2019-08-12,20.74
2019-08-13,20.76
2019-08-14,21.01
2019-08-15,21.17
2019-08-16,20.94
2019-08-17,20.66
2019-08-18,20.56
2019-08-19,20.76
2019-08-20,20.93
2019-08-21,20.8
2019-08-22,20.5
2019-08-23,20.61
2019-08-24,20.58
2019-08-25,20.6
2019-08-26,20.6
2019-08-27,20.34
2019-08-28,20.5
2019-08-29,20.66
2019-08-30,20.67
2019-08-31,20.69
2019-09-01,20.84
2019-09-02,21.04
2019-09-03,21.01
2019-09-04,20.87
2019-09-05,20.81
2019-09-06,20.92
2019-09-07,21.05
2019-09-08,20.94
2019-09-09,20.48
2019-09-10,20.31
2019-09-11,20.27
2019-09-12,20.11
2020-03-05,
2020-03-27,6.98
2020-03-28,6.71
2020-03-29,7.19
2020-03-30,7.32
2020-03-31,7.03
2020-04-01,6.9
2020-04-02,7.03
2020-04-03,7.1
2020-04-04,7.09
2020-04-05,7.39
2020-04-06,7.71
2020-04-07,7.91
2020-04-08,8.13
2020-04-09,8.35
2020-04-10,8.55
2020-04-11,8.86
2020-04-12,8.83
2020-04-13,8.71
2020-04-14,8.97
2020-04-15,9.26
2020-04-16,9.16
2020-04-17,9.76
2020-04-18,9.63
2020-04-19,9.72
2020-04-20,10.0
2020-04-21,10.13
2020-04-22,10.05
2020-04-23,9.9
2020-04-24,10.14
2020-04-25,9.98
2020-04-26,9.94
2020-04-27,10.44
2020-04-28,10.5
2020-04-29,10.31
2020-04-30,10.38
2020-05-01,10.47
2020-05-02,10.62
2020-05-03,10.4
2020-05-04,10.43
2020-05-05,10.5
2020-05-06,10.45
2020-05-07,10.24
2020-05-08,10.41
2020-05-09,10.82
2020-05-10,10.94
2020-05-11,10.97
2020-05-12,11.01
2020-05-13,11.15
2020-05-14,11.31
2020-05-15,11.49
2020-05-16,11.66
2020-05-17,11.62
2020-05-18,11.56
2020-05-19,11.59
2020-05-20,11.5
2020-05-21,11.73
2020-05-22,11.74
2020-05-23,11.92
2020-05-24,12.44
2020-05-25,12.45
2020-05-26,12.7
2020-05-27,13.01
2020-05-28,13.16
2020-05-29,13.29
2020-05-30,13.43
2020-05-31,13.36
2020-06-01,13.5
2020-06-02,13.53
2020-06-03,13.37
2020-06-04,13.58
2020-06-05,13.5
2020-06-06,13.37
2020-06-07,13.14
2020-06-08,13.18
2020-06-09,13.15
2020-06-10,13.5
2020-06-11,13.9
2020-06-12,14.03
2020-06-13,13.92
2020-06-14,13.62
2020-06-15,13.8
2020-06-16,13.74
2020-06-17,14.2
2020-06-18,14.68
2020-06-19,14.98
2020-06-20,15.0
2020-06-21,15.12
2020-06-22,15.44
2020-06-23,15.77
2020-06-24,16.11
2020-06-25,16.35
2020-06-26,16.6
2020-06-27,16.64
2020-06-28,16.13
2020-06-29,16.03
2020-06-30,16.17
2020-07-01,15.8
2020-07-02,15.67
2020-07-03,15.92
2020-07-04,15.84
2020-07-05,16.03
2020-07-06,16.35
2020-07-07,16.58
2020-07-08,16.64
2020-07-09,16.83
2020-07-10,17.02
2020-07-11,17.35
2020-07-12,17.34
2020-07-13,17.29
2020-07-14,17.5
2020-07-15,17.73
2020-07-16,18.1
2020-07-17,18.32
2020-07-18,18.39
2020-07-19,18.58
2020-07-20,18.87
2020-07-21,19.05
2020-07-22,19.22
2020-07-23,19.3
2020-07-24,19.13
2020-07-25,18.99
2020-07-26,19.0
2020-07-27,19.25
2020-07-28,19.53
2020-07-29,19.66
2020-07-30,19.8
2020-07-31,19.99
2020-08-01,19.81
2020-08-02,19.53
2020-08-03,19.63
2020-08-04,19.7
2020-08-05,19.64
2020-08-06,19.65
2020-08-07,19.24
2020-08-08,19.15
2020-08-09,19.24
2020-08-10,19.32
2020-08-11,19.45
2020-08-12,19.29
2020-08-13,18.89
2020-08-14,18.91
2020-08-15,19.04
2020-08-16,19.43
2020-08-17,19.8
2020-08-18,20.1
2020-08-19,20.2
2020-08-20,20.07
2020-08-21,20.16
2020-08-22,20.08
2020-08-23,19.89
2020-08-24,20.08
2020-08-25,20.16
2020-08-26,20.25
2020-08-27,20.15
2020-08-28,20.1
2020-08-29,20.02
2020-08-30,19.74
2020-08-31,19.66
2020-09-01,19.82
2020-09-02,20.15
2020-09-03,20.27
2020-09-04,20.29
2020-09-05,20.35
2020-09-06,20.44
2020-09-07,20.34
2020-09-08,19.14
2020-09-09,18.99
2020-09-10,19.49
2020-09-11,19.76
2020-09-12,19.71
2020-09-13,19.29
2020-09-14,18.92
2020-09-15,18.75
2020-09-16,18.78
2020-09-17,18.81
2020-09-18,18.73
2020-09-19,18.6
2020-09-20,18.75
2020-09-21,18.84
2020-09-22,18.94
2020-09-23,18.95
2020-09-24,18.44
2020-09-25,18.15
2020-09-26,17.82
2020-09-27,17.76
2020-09-28,17.98
2020-09-29,18.14
2020-09-30,18.32
2020-10-01,18.35
2020-10-02,18.44
2020-10-03,18.55
2020-10-04,18.56
2020-10-05,18.48
2020-10-06,18.32
2021-03-23,6.89
2021-03-24,6.58
2021-03-25,6.39
2021-03-26,6.97
2021-03-27,7.25
2021-03-28,7.47
2021-03-29,6.8
2021-04-12,7.99
2021-04-13,7.76
2021-04-14,7.81
2021-04-15,8.32
2021-04-16,8.73
2021-04-17,8.85
2021-04-18,9.01
2021-04-19,9.26
2021-04-20,9.31
2021-04-21,9.38
2021-04-22,9.41
2021-04-23,9.55
2021-04-24,9.53
2021-04-25,9.33
2021-04-26,9.54
2021-04-27,9.83
2021-04-28,10.07
2021-04-29,10.25
2021-04-30,10.26
2021-05-01,10.51
2021-05-02,10.63
2021-05-03,10.58
2021-05-04,10.5
2021-05-05,10.49
2021-05-06,10.56
2021-05-07,10.55
2021-05-08,10.31
2021-05-09,10.59
2021-05-10,10.71
2021-05-11,10.83
2021-05-12,10.76
2021-05-13,10.89
2021-05-14,11.23
2021-05-15,11.55
2021-05-16,11.86
2021-05-17,12.22
2021-05-18,12.36
2021-05-19,12.15
2021-05-20,12.07
2021-05-21,12.18
2021-05-22,12.31
2021-05-23,12.44
2021-05-24,12.63
2021-05-25,12.61
2021-05-26,12.59
2021-05-27,12.5
2021-05-28,12.33
2021-05-29,12.63
2021-05-30,12.9
2021-05-31,13.36
2021-06-01,13.91
2021-06-02,14.28
2021-06-03,14.43
2021-06-04,14.87
2021-06-05,14.73
2021-06-06,14.04
2021-06-07,13.85
2021-06-08,14.1
2021-06-09,14.31
2021-06-10,14.3
2021-06-11,14.28
2021-06-12,14.2
2021-06-13,14.62
2021-06-14,15.07
2021-06-15,15.06
2021-06-16,14.98
2021-06-17,15.51
2021-06-18,15.83
2021-06-19,15.95
2021-06-20,16.17
2021-06-21,16.54
2021-06-22,17.03
2021-06-23,17.35
2021-06-24,17.48
2021-06-25,17.56
2021-06-26,17.85
2021-06-27,18.35
2021-06-28,18.63
2021-06-29,18.65
2021-06-30,18.72
2021-07-01,18.67
2021-07-02,18.79
2021-07-03,18.96
2021-07-04,19.14
2021-07-05,19.35
2021-07-06,19.46
2021-07-07,19.68
2021-07-08,19.71
2021-07-09,19.68
2021-07-10,19.77
2021-07-11,20.17
2021-07-12,20.11
2021-07-13,20.1
2021-07-14,19.92
2021-07-15,19.76
2021-07-16,19.75
2021-07-17,19.65
2021-07-18,19.74
2021-07-19,19.87
2021-07-20,20.02
2021-07-21,20.07
2021-07-22,19.72
2021-07-23,19.78
2021-07-24,20.06
2021-07-25,20.45
2021-07-26,20.61
2021-07-27,20.34
2021-07-28,20.09
2021-07-29,20.65
2021-07-30,21.06
2021-07-31,21.29
2021-08-01,21.09
2021-08-02,21.01
2021-08-03,21.22
2021-08-04,21.45
2021-08-05,21.42
2021-08-06,21.16
2021-08-07,21.1
2021-08-08,21.0
2021-08-09,20.63
2021-08-10,20.65
2021-08-11,21.02
2021-08-12,21.36
2021-08-13,21.13
2021-08-14,21.19
2021-08-15,21.55
2021-08-16,21.71
2021-08-17,21.25
2021-08-18,20.57
2021-08-19,20.65
2021-08-20,20.6
2021-08-21,20.37
2021-08-22,20.53
2021-08-23,20.33
2021-08-24,20.18
2021-08-25,20.24
2021-08-26,20.42
2021-08-27,20.33
2021-08-28,20.04
2021-08-29,20.07
2021-08-30,20.28
2021-08-31,20.05
2021-09-01,19.55
2022-04-07,
2022-04-08,
2022-04-09,
2022-04-10,
2022-04-11,
2022-04-12,6.67
2022-04-13,6.69
2022-04-14,6.53
2022-04-15,6.67
2022-04-16,6.76
2022-04-17,6.55
2022-04-18,7.26
2022-04-19,7.17
2022-04-20,7.11
2022-04-21,7.29
2022-04-22,7.76
2022-04-23,8.16
2022-04-24,8.57
2022-04-25,8.7
2022-04-26,8.61
2022-04-27,8.85
2022-04-28,8.73
2022-04-29,8.86
2022-04-30,9.12
2022-05-01,9.18
2022-05-02,9.69
2022-05-03,9.75
2022-05-04,10.42
2022-05-05,10.53
2022-05-06,10.18
2022-05-07,10.26
2022-05-08,10.31
2022-05-09,10.34
2022-05-10,10.24
2022-05-11,10.24
2022-05-12,10.21
2022-05-13,10.05
2022-05-14,10.25
2022-05-15,10.38
2022-05-16,10.42
2022-05-17,10.51
2022-05-18,10.45
2022-05-19,10.24
2022-05-20,10.53
2022-05-21,10.57
2022-05-22,10.76
2022-05-23,11.09
2022-05-24,11.22
2022-05-25,11.33
2022-05-26,11.41
2022-05-27,11.27
2022-05-28,11.21
2022-05-29,11.3
2022-05-30,11.19
2022-05-31,11.51
2022-06-01,11.88
2022-06-02,12.05
2022-06-03,12.32
2022-06-04,12.21
2022-06-05,12.51
2022-06-06,12.65
2022-06-07,12.75
2022-06-08,12.77
2022-06-09,12.68
2022-06-10,12.48
2022-06-11,12.7
2022-06-12,12.74
2022-06-13,12.39
2022-06-14,12.52
2022-06-15,12.75
2022-06-16,12.77
2022-06-22,15.53
2022-06-23,14.42
2022-06-24,14.57
2022-06-25,14.83
2022-06-26,15.03
2022-06-27,15.21
2022-06-28,15.19
2022-06-29,15.3
2022-06-30,15.6
2022-07-01,15.93
2022-07-02,16.16
2022-07-03,16.11
2022-07-04,16.23
2022-07-05,16.16
2022-07-06,16.23
2022-07-07,16.39
2022-07-08,16.63
2022-07-09,16.55
2022-07-10,16.57
2022-07-11,16.9
2022-07-12,17.21
2022-07-13,17.5
2022-07-14,17.75
2022-07-15,17.96
2022-07-16,18.11
2022-07-17,18.2
2022-07-18,18.02
2022-07-19,18.28
2022-07-20,18.64
2022-07-21,18.8
2022-07-22,18.98
2022-07-23,19.17
2022-07-24,19.16
2022-07-25,19.34
2022-07-26,19.59
2022-07-27,19.82
2022-07-28,19.99
2022-07-29,20.11
2022-07-30,20.15
2022-07-31,20.23
2022-08-01,20.15
2022-08-02,20.04
2022-08-03,20.17
2022-08-04,19.89
2022-08-05,19.66
2022-08-06,19.53
2022-08-07,19.7
2022-08-08,19.93
2022-08-09,19.94
2022-08-10,19.88
2022-08-11,20.06
2022-08-12,20.11
2022-08-13,19.97
2022-08-14,19.91
2022-08-15,19.85
2022-08-16,20.0
2022-08-17,20.38
2022-08-18,20.59
2022-08-19,20.66
2022-08-20,20.76
2022-08-21,20.86
2022-08-22,20.99
2022-08-23,20.97
2022-08-24,20.98
2022-08-25,21.23
2022-08-26,21.37
2022-08-27,21.05
2022-08-28,20.61
2022-08-29,20.47
2022-08-30,20.64
2022-08-31,20.92
2022-09-01,21.03
2022-09-02,20.92
2022-09-03,20.95
2022-09-04,20.85
2022-09-05,21.01
2022-09-06,20.91
2022-09-07,20.8
2022-09-08,20.53
2023-03-31,6.41
2023-04-01,6.34
2023-04-02,6.36
2023-04-03,6.27
2023-04-04,6.52
2023-04-05,6.71
2023-04-06,6.86
2023-04-07,7.07
2023-04-08,7.15
2023-04-09,7.15
2023-04-10,7.35
2023-04-11,7.67
2023-04-12,7.58
2023-04-13,7.6
2023-04-14,7.73
2023-04-15,7.89
2023-04-16,7.89
2023-04-17,7.68
2023-04-18,7.86
2023-04-19,8.0
2023-04-20,7.88
2023-04-21,7.79
2023-04-22,8.02
2023-04-23,8.67
2023-04-24,8.92
2023-04-25,9.21
2023-04-26,9.61
2023-04-27,9.79
2023-04-28,10.25
2023-04-29,10.61
2023-04-30,11.27
2023-05-01,11.51
2023-05-02,10.83
2023-05-03,10.72
2023-05-04,10.99
2023-05-05,10.6
2023-05-06,10.4
2023-05-07,10.53
2023-05-08,10.66
2023-05-09,10.5
2023-05-10,10.36
2023-05-11,10.28
2023-05-12,10.55
2023-05-13,10.81
2023-05-14,11.17
2023-05-15,11.54
2023-05-16,11.78
2023-05-17,11.67
2023-05-18,12.08
2023-05-19,12.42
2023-05-20,12.99
2023-05-21,13.28
2023-05-22,13.16
2023-05-23,13.19
2023-05-24,13.4
2023-05-25,13.64
2023-05-26,13.79
2023-05-27,14.15
2023-05-28,14.35
2023-05-29,14.59
2023-05-30,14.74
2023-05-31,14.75
2023-06-01,14.68
2023-06-02,15.01
2023-06-03,15.25
2023-06-04,15.68
2023-06-05,16.0
2023-06-06,16.02
2023-06-07,16.4
2023-06-08,16.59
2023-06-09,16.52
2023-06-10,16.62
2023-06-11,16.97
2023-06-12,17.5
2023-06-13,17.74
2023-06-14,17.21
2023-06-15,16.77
2023-06-16,16.4
2023-06-17,16.65
2023-06-18,16.46
2023-06-19,15.89
2023-06-20,15.51
2023-06-21,15.56
2023-06-22,16.17
2023-06-23,16.63
2023-06-24,16.95
2023-06-25,17.31
2023-06-26,17.55
2023-06-27,17.51
2023-06-28,17.6
2023-06-29,17.9
2023-06-30,18.22
2023-07-01,18.49
2023-07-02,18.42
2023-07-03,18.46
2023-07-04,18.62
2023-07-05,18.86
2023-07-06,19.1
2023-07-07,19.43
2023-07-08,19.71
2023-07-09,20.15
2023-07-10,20.42
2023-07-11,20.21
2023-07-12,19.94
2023-07-13,19.9
2023-07-14,20.03
2023-07-15,19.94
2023-07-16,19.89
2023-07-17,19.74
2023-07-18,19.39
2023-07-19,19.4
2023-07-20,19.8
2023-07-21,20.21
2023-07-22,20.28
2023-07-23,20.39
2023-07-24,20.44
2023-07-25,20.26
2023-07-26,20.27
2023-07-27,20.26
2023-07-28,20.42
2023-07-29,20.39
2023-07-30,20.4
2023-07-31,20.27
2023-08-01,20.21
2023-08-02,20.21
2023-08-03,20.5
2023-08-04,20.51
2023-08-05,20.12
2023-08-06,20.1
2023-08-07,20.42
2023-08-08,20.42
2023-08-09,20.66
2023-08-10,20.96
2023-08-11,20.81
2023-08-12,20.64
2023-08-13,20.84
2023-08-14,21.24
2023-08-15,21.63
2023-08-16,21.68
2023-08-17,21.38
2023-08-18,21.34
2023-08-19,20.86
2023-08-20,20.59
2023-08-21,20.62
2023-08-22,20.32
2023-08-23,20.19
2023-08-24,20.53
2023-08-25,20.43
2023-08-26,20.58
2023-08-27,20.8
2023-08-28,21.12
2023-08-29,20.91
2023-08-30,20.41
2023-08-31,20.05
2023-09-01,19.71
2023-09-02,20.22
2023-09-03,20.61
2023-09-04,20.72
2023-09-05,20.19
2023-09-06,20.07
2023-09-07,20.1
2023-09-08,19.94
