date,max_temp(C),min_temp(C),avg_temp(C)
2008-09-30 00:00:00+00:00,18.0,17.5,17.7
2009-04-01 00:00:00+00:00,5.7,5.5,5.6
2009-04-02 00:00:00+00:00,5.9,5.7,5.8
2009-04-03 00:00:00+00:00,5.9,5.7,5.8
2009-04-04 00:00:00+00:00,6.5,5.6,5.9
2009-04-05 00:00:00+00:00,6.3,5.8,6.1
2009-04-06 00:00:00+00:00,6.6,6.1,6.3
2009-04-07 00:00:00+00:00,7.3,6.4,6.9
2009-04-08 00:00:00+00:00,7.5,7.0,7.2
2009-04-09 00:00:00+00:00,7.7,7.4,7.5
2009-04-10 00:00:00+00:00,8.2,7.7,7.9
2009-04-11 00:00:00+00:00,8.2,8.1,8.1
2009-04-12 00:00:00+00:00,8.1,8.0,8.0
2009-04-13 00:00:00+00:00,8.1,7.8,8.0
2009-04-14 00:00:00+00:00,7.9,7.6,7.8
2009-04-15 00:00:00+00:00,7.8,7.3,7.5
2009-04-16 00:00:00+00:00,7.9,7.5,7.6
2009-04-17 00:00:00+00:00,8.4,7.7,7.9
2009-04-18 00:00:00+00:00,8.7,7.8,8.0
2009-04-19 00:00:00+00:00,8.4,8.0,8.2
2009-04-20 00:00:00+00:00,8.5,8.2,8.3
2009-04-21 00:00:00+00:00,8.9,8.3,8.6
2009-04-22 00:00:00+00:00,9.5,8.8,9.0
2009-04-23 00:00:00+00:00,9.4,8.9,9.1
2009-04-24 00:00:00+00:00,9.4,8.8,9.1
2009-04-25 00:00:00+00:00,9.1,8.5,8.7
2009-04-26 00:00:00+00:00,9.2,8.5,8.7
2009-04-27 00:00:00+00:00,9.2,8.8,9.0
2009-04-28 00:00:00+00:00,9.1,8.8,8.9
2009-04-29 00:00:00+00:00,9.0,8.7,8.9
2009-04-30 00:00:00+00:00,9.1,8.1,8.5
2009-05-01 00:00:00+00:00,9.2,8.6,8.9
2009-05-02 00:00:00+00:00,9.3,8.8,8.9
2009-05-03 00:00:00+00:00,9.3,8.9,9.1
2009-05-04 00:00:00+00:00,9.7,8.9,9.2
2009-05-05 00:00:00+00:00,9.4,9.1,9.3
2009-05-06 00:00:00+00:00,9.9,9.4,9.6
2009-05-07 00:00:00+00:00,10.1,9.8,10.0
2009-05-08 00:00:00+00:00,10.5,10.0,10.1
2009-05-09 00:00:00+00:00,11.0,10.1,10.6
2009-05-10 00:00:00+00:00,11.4,10.7,10.9
2009-05-11 00:00:00+00:00,11.2,10.9,11.0
2009-05-12 00:00:00+00:00,11.1,10.9,11.0
2009-05-13 00:00:00+00:00,11.1,10.9,11.0
2009-05-14 00:00:00+00:00,11.2,10.8,11.0
2009-05-15 00:00:00+00:00,11.2,10.9,11.0
2009-05-16 00:00:00+00:00,12.1,11.2,11.6
2009-05-17 00:00:00+00:00,12.1,11.7,11.9
2009-05-18 00:00:00+00:00,12.4,11.9,12.1
2009-05-19 00:00:00+00:00,12.6,12.2,12.5
2009-05-20 00:00:00+00:00,13.5,12.3,12.6
2009-05-21 00:00:00+00:00,13.3,12.4,12.9
2009-05-22 00:00:00+00:00,13.4,12.3,12.7
2009-05-23 00:00:00+00:00,13.4,12.4,12.8
2009-05-24 00:00:00+00:00,13.8,12.9,13.2
2009-05-25 00:00:00+00:00,13.9,13.2,13.6
2009-05-26 00:00:00+00:00,13.8,13.3,13.5
2009-05-27 00:00:00+00:00,14.1,13.0,13.3
2009-05-28 00:00:00+00:00,14.3,13.2,13.6
2009-05-29 00:00:00+00:00,14.2,13.5,13.8
2009-05-30 00:00:00+00:00,14.4,13.6,13.8
2009-05-31 00:00:00+00:00,14.5,13.8,14.0
2009-06-01 00:00:00+00:00,14.6,13.9,14.2
2009-06-02 00:00:00+00:00,14.6,13.9,14.2
2009-06-03 00:00:00+00:00,15.0,14.0,14.4
2009-06-04 00:00:00+00:00,15.1,14.3,14.6
2009-06-05 00:00:00+00:00,14.6,14.4,14.5
2009-06-06 00:00:00+00:00,14.8,14.4,14.6
2009-06-07 00:00:00+00:00,14.8,14.3,14.5
2009-06-08 00:00:00+00:00,14.9,14.3,14.5
2009-06-09 00:00:00+00:00,15.1,14.4,14.6
2009-06-10 00:00:00+00:00,15.2,14.4,14.7
2009-06-11 00:00:00+00:00,15.2,14.7,14.9
2009-06-12 00:00:00+00:00,15.9,15.0,15.3
2009-06-13 00:00:00+00:00,16.0,15.3,15.6
2009-06-14 00:00:00+00:00,16.2,15.6,15.7
2009-06-15 00:00:00+00:00,15.7,15.4,15.6
2009-06-16 00:00:00+00:00,15.9,15.4,15.7
2009-06-17 00:00:00+00:00,16.2,15.8,16.0
2009-06-18 00:00:00+00:00,16.5,16.0,16.3
2009-06-19 00:00:00+00:00,16.9,16.5,16.7
2009-06-20 00:00:00+00:00,16.8,16.5,16.6
2009-06-21 00:00:00+00:00,16.8,16.4,16.6
2009-06-22 00:00:00+00:00,16.7,16.2,16.4
2009-06-23 00:00:00+00:00,17.2,16.2,16.4
2009-06-24 00:00:00+00:00,16.7,16.1,16.3
2009-06-25 00:00:00+00:00,16.6,16.2,16.4
2009-06-26 00:00:00+00:00,16.8,16.4,16.6
2009-06-27 00:00:00+00:00,17.4,16.6,16.9
2009-06-28 00:00:00+00:00,17.2,16.8,17.0
2009-06-29 00:00:00+00:00,17.4,16.9,17.1
2009-06-30 00:00:00+00:00,17.7,17.1,17.4
2009-07-01 00:00:00+00:00,17.7,17.2,17.4
2009-07-02 00:00:00+00:00,17.7,17.4,17.5
2009-07-03 00:00:00+00:00,18.2,17.4,17.7
2009-07-04 00:00:00+00:00,18.4,17.5,18.0
2009-07-05 00:00:00+00:00,18.5,17.9,18.1
2009-07-06 00:00:00+00:00,18.7,18.2,18.4
2009-07-07 00:00:00+00:00,19.0,18.7,18.8
2009-07-08 00:00:00+00:00,19.1,18.8,18.9
2009-07-09 00:00:00+00:00,18.9,18.5,18.8
2009-07-10 00:00:00+00:00,19.5,18.5,18.9
2009-07-11 00:00:00+00:00,19.2,18.7,18.9
2009-07-12 00:00:00+00:00,19.4,19.1,19.2
2009-07-13 00:00:00+00:00,19.5,19.2,19.4
2009-07-14 00:00:00+00:00,19.5,19.3,19.4
2009-07-15 00:00:00+00:00,19.7,19.1,19.3
2009-07-16 00:00:00+00:00,19.6,19.1,19.4
2009-07-17 00:00:00+00:00,20.0,19.4,19.8
2009-07-18 00:00:00+00:00,20.1,19.7,19.8
2009-07-19 00:00:00+00:00,20.2,19.8,19.9
2009-07-20 00:00:00+00:00,20.9,20.0,20.2
2009-07-21 00:00:00+00:00,20.9,20.4,20.6
2009-07-22 00:00:00+00:00,21.2,20.4,20.9
2009-07-23 00:00:00+00:00,20.9,20.5,20.6
2009-07-24 00:00:00+00:00,21.1,20.6,20.9
2009-07-25 00:00:00+00:00,21.2,20.8,21.0
2009-07-26 00:00:00+00:00,21.4,20.9,21.1
2009-07-27 00:00:00+00:00,21.8,21.3,21.5
2009-07-28 00:00:00+00:00,21.8,21.3,21.6
2009-07-29 00:00:00+00:00,22.5,21.3,22.0
2009-07-30 00:00:00+00:00,22.8,21.9,22.2
2009-07-31 00:00:00+00:00,22.3,21.9,22.1
2009-08-01 00:00:00+00:00,22.5,21.9,22.1
2009-08-02 00:00:00+00:00,22.4,21.9,22.2
2009-08-03 00:00:00+00:00,22.1,21.8,21.9
2009-08-04 00:00:00+00:00,22.0,21.8,21.8
2009-08-05 00:00:00+00:00,22.2,21.9,22.0
2009-08-06 00:00:00+00:00,22.1,21.9,21.9
2009-08-07 00:00:00+00:00,22.0,21.8,21.9
2009-08-08 00:00:00+00:00,21.8,21.3,21.6
2009-08-09 00:00:00+00:00,21.3,20.6,21.0
2009-08-10 00:00:00+00:00,20.7,20.3,20.5
2009-08-11 00:00:00+00:00,20.7,20.3,20.5
2009-08-12 00:00:00+00:00,20.8,20.5,20.7
2009-08-13 00:00:00+00:00,21.2,20.8,21.0
2009-08-14 00:00:00+00:00,21.3,21.1,21.2
2009-08-15 00:00:00+00:00,21.1,20.9,21.1
2009-08-16 00:00:00+00:00,21.0,20.9,21.0
2009-08-17 00:00:00+00:00,21.0,20.9,20.9
2009-08-18 00:00:00+00:00,21.0,20.8,20.9
2009-08-19 00:00:00+00:00,21.8,20.7,20.9
2009-08-20 00:00:00+00:00,21.4,20.9,21.1
2009-08-21 00:00:00+00:00,21.4,20.9,21.1
2009-08-22 00:00:00+00:00,21.2,21.0,21.1
2009-08-23 00:00:00+00:00,21.3,21.1,21.1
2009-08-24 00:00:00+00:00,21.2,21.1,21.2
2009-08-25 00:00:00+00:00,21.3,21.0,21.1
2009-08-26 00:00:00+00:00,21.3,20.9,21.0
2009-08-27 00:00:00+00:00,21.3,20.9,21.0
2009-08-28 00:00:00+00:00,21.0,20.5,20.8
2009-08-29 00:00:00+00:00,20.5,20.4,20.5
2009-08-30 00:00:00+00:00,20.5,20.4,20.5
2009-08-31 00:00:00+00:00,20.6,20.4,20.5
2009-09-01 00:00:00+00:00,20.7,20.5,20.6
2009-09-02 00:00:00+00:00,20.7,20.5,20.6
2009-09-03 00:00:00+00:00,21.1,20.6,20.7
2009-09-04 00:00:00+00:00,21.1,20.7,21.0
2009-09-05 00:00:00+00:00,21.2,20.9,21.0
2009-09-06 00:00:00+00:00,20.9,20.8,20.8
2009-09-07 00:00:00+00:00,20.8,20.5,20.6
2009-09-08 00:00:00+00:00,20.6,20.4,20.5
2009-09-09 00:00:00+00:00,20.4,20.3,20.3
2009-09-10 00:00:00+00:00,20.3,20.1,20.2
2009-09-11 00:00:00+00:00,20.5,20.0,20.1
2009-09-12 00:00:00+00:00,20.2,19.8,20.0
2009-09-13 00:00:00+00:00,20.1,19.8,19.9
2009-09-14 00:00:00+00:00,20.0,19.7,19.8
2009-09-15 00:00:00+00:00,20.0,19.8,19.9
2009-09-16 00:00:00+00:00,20.1,19.9,20.0
2009-09-17 00:00:00+00:00,20.1,19.9,20.0
2009-09-18 00:00:00+00:00,20.2,20.0,20.1
2009-09-19 00:00:00+00:00,20.4,20.0,20.2
2009-09-20 00:00:00+00:00,20.2,20.0,20.1
2009-09-21 00:00:00+00:00,20.2,20.0,20.1
2009-09-22 00:00:00+00:00,20.4,20.1,20.3
2009-09-23 00:00:00+00:00,20.2,19.7,20.0
2009-09-24 00:00:00+00:00,19.9,19.5,19.6
2009-09-25 00:00:00+00:00,19.5,19.4,19.4
2009-09-26 00:00:00+00:00,19.4,19.2,19.3
2009-09-27 00:00:00+00:00,19.4,19.2,19.2
2009-09-28 00:00:00+00:00,19.4,19.1,19.2
2009-09-29 00:00:00+00:00,19.1,18.9,19.0
2009-09-30 00:00:00+00:00,18.9,18.6,18.7
2009-10-01 00:00:00+00:00,18.6,18.3,18.5
2010-03-12 00:00:00+00:00,6.0,5.9,6.0
2010-03-13 00:00:00+00:00,5.9,5.7,5.8
2010-03-14 00:00:00+00:00,6.0,5.7,5.8
2010-03-15 00:00:00+00:00,6.1,5.8,5.9
2010-03-16 00:00:00+00:00,5.8,5.7,5.8
2010-03-17 00:00:00+00:00,6.3,5.8,6.0
2010-03-18 00:00:00+00:00,6.2,6.1,6.1
2010-03-19 00:00:00+00:00,7.1,6.2,6.6
2010-03-20 00:00:00+00:00,7.2,6.6,6.9
2010-03-21 00:00:00+00:00,7.1,6.7,6.9
2010-03-22 00:00:00+00:00,6.8,6.7,6.8
2010-03-23 00:00:00+00:00,6.8,6.7,6.7
2010-03-24 00:00:00+00:00,7.7,6.7,7.1
2010-03-25 00:00:00+00:00,7.4,7.0,7.1
2010-03-26 00:00:00+00:00,7.2,7.1,7.1
2010-03-27 00:00:00+00:00,7.6,7.2,7.3
2010-03-28 00:00:00+00:00,7.6,7.4,7.5
2010-03-29 00:00:00+00:00,7.8,7.5,7.7
2010-03-30 00:00:00+00:00,,,
2010-03-31 00:00:00+00:00,7.6,7.4,7.5
2010-04-01 00:00:00+00:00,7.6,7.4,7.5
2010-04-02 00:00:00+00:00,7.6,7.5,7.6
2010-04-03 00:00:00+00:00,7.5,7.3,7.4
2010-04-04 00:00:00+00:00,7.5,7.2,7.4
2010-04-05 00:00:00+00:00,7.5,7.4,7.5
2010-04-06 00:00:00+00:00,7.7,7.5,7.6
2010-04-07 00:00:00+00:00,7.6,7.5,7.5
2010-04-08 00:00:00+00:00,7.8,7.4,7.7
2010-04-09 00:00:00+00:00,7.8,7.7,7.7
2010-04-10 00:00:00+00:00,7.9,7.7,7.8
2010-04-11 00:00:00+00:00,8.6,7.9,8.0
2010-04-12 00:00:00+00:00,8.6,8.1,8.3
2010-04-13 00:00:00+00:00,8.3,8.1,8.2
2010-04-14 00:00:00+00:00,9.0,8.3,8.5
2010-04-15 00:00:00+00:00,8.8,8.6,8.6
2010-04-16 00:00:00+00:00,9.3,8.7,9.0
2010-04-17 00:00:00+00:00,9.9,8.9,9.2
2010-04-18 00:00:00+00:00,11.2,9.2,9.5
2010-04-19 00:00:00+00:00,11.1,9.5,10.4
2010-04-20 00:00:00+00:00,10.3,9.9,10.1
2010-04-21 00:00:00+00:00,10.7,10.2,10.4
2010-04-22 00:00:00+00:00,10.6,10.4,10.5
2010-04-23 00:00:00+00:00,10.9,10.5,10.7
2010-04-24 00:00:00+00:00,11.0,10.6,10.8
2010-04-25 00:00:00+00:00,11.1,10.7,10.8
2010-04-26 00:00:00+00:00,11.1,10.7,10.9
2010-04-27 00:00:00+00:00,11.1,10.6,10.8
2010-04-28 00:00:00+00:00,11.0,10.7,10.9
2010-04-29 00:00:00+00:00,10.7,10.4,10.5
2010-04-30 00:00:00+00:00,10.4,10.0,10.2
2010-05-01 00:00:00+00:00,10.4,10.3,10.3
2010-05-02 00:00:00+00:00,10.5,10.2,10.3
2010-05-03 00:00:00+00:00,10.7,10.4,10.5
2010-05-04 00:00:00+00:00,10.7,10.4,10.5
2010-05-05 00:00:00+00:00,10.9,10.6,10.7
2010-05-06 00:00:00+00:00,11.0,10.6,10.7
2010-05-07 00:00:00+00:00,10.8,10.5,10.7
2010-05-08 00:00:00+00:00,10.9,10.3,10.4
2010-05-09 00:00:00+00:00,11.5,10.5,10.8
2010-05-10 00:00:00+00:00,11.0,10.6,10.8
2010-05-11 00:00:00+00:00,11.7,10.8,11.0
2010-05-12 00:00:00+00:00,11.5,10.8,11.2
2010-05-13 00:00:00+00:00,11.5,11.0,11.3
2010-05-14 00:00:00+00:00,11.7,11.2,11.5
2010-05-15 00:00:00+00:00,12.1,11.3,11.7
2010-05-16 00:00:00+00:00,12.1,11.6,11.8
2010-05-17 00:00:00+00:00,13.0,11.8,12.3
2010-05-18 00:00:00+00:00,12.6,12.3,12.4
2010-05-19 00:00:00+00:00,13.0,12.5,12.7
2010-05-20 00:00:00+00:00,12.8,12.5,12.6
2010-05-21 00:00:00+00:00,13.0,12.5,12.6
2010-05-22 00:00:00+00:00,12.6,12.3,12.4
2010-05-23 00:00:00+00:00,12.5,12.3,12.4
2010-05-24 00:00:00+00:00,12.7,12.3,12.4
2010-05-25 00:00:00+00:00,13.2,12.7,12.9
2010-05-26 00:00:00+00:00,13.2,12.9,13.0
2010-05-27 00:00:00+00:00,13.2,12.9,13.0
2010-05-28 00:00:00+00:00,13.1,13.0,13.0
2010-05-29 00:00:00+00:00,13.0,12.7,12.8
2010-05-30 00:00:00+00:00,12.9,12.6,12.7
2010-05-31 00:00:00+00:00,13.0,12.8,12.9
2010-06-01 00:00:00+00:00,13.1,12.8,13.0
2010-06-02 00:00:00+00:00,13.3,13.0,13.2
2010-06-03 00:00:00+00:00,13.2,13.0,13.1
2010-06-04 00:00:00+00:00,13.1,12.5,12.8
2010-06-05 00:00:00+00:00,13.9,12.9,13.3
2010-06-06 00:00:00+00:00,14.2,13.4,13.7
2010-06-07 00:00:00+00:00,14.3,13.8,14.0
2010-06-08 00:00:00+00:00,14.4,13.8,14.1
2010-06-09 00:00:00+00:00,14.1,13.5,13.8
2010-06-10 00:00:00+00:00,13.6,13.3,13.4
2010-06-11 00:00:00+00:00,13.9,13.3,13.5
2010-06-12 00:00:00+00:00,14.4,13.4,13.7
2010-06-13 00:00:00+00:00,14.3,13.9,14.1
2010-06-14 00:00:00+00:00,14.6,14.2,14.4
2010-06-15 00:00:00+00:00,14.6,14.3,14.4
2010-06-16 00:00:00+00:00,14.5,14.2,14.3
2010-06-17 00:00:00+00:00,14.2,13.8,14.0
2010-06-18 00:00:00+00:00,14.3,13.9,14.1
2010-06-19 00:00:00+00:00,14.7,14.2,14.3
2010-06-20 00:00:00+00:00,14.7,14.5,14.6
2010-06-21 00:00:00+00:00,14.6,14.3,14.4
2010-06-22 00:00:00+00:00,14.6,14.1,14.3
2010-06-23 00:00:00+00:00,15.1,14.4,14.7
2010-06-24 00:00:00+00:00,15.6,14.9,15.1
2010-06-25 00:00:00+00:00,15.8,15.3,15.4
2010-06-26 00:00:00+00:00,15.8,15.5,15.7
2010-06-27 00:00:00+00:00,16.1,15.7,15.8
2010-06-28 00:00:00+00:00,16.1,15.8,15.9
2010-06-29 00:00:00+00:00,16.6,16.1,16.3
2010-06-30 00:00:00+00:00,16.6,16.3,16.4
2010-07-01 00:00:00+00:00,16.6,16.2,16.3
2010-07-02 00:00:00+00:00,16.3,15.9,16.0
2010-07-03 00:00:00+00:00,16.1,16.0,16.0
2010-07-04 00:00:00+00:00,16.6,15.9,16.1
2010-07-05 00:00:00+00:00,16.4,16.0,16.2
2010-07-06 00:00:00+00:00,17.4,16.3,16.7
2010-07-07 00:00:00+00:00,18.0,17.0,17.3
2010-07-08 00:00:00+00:00,18.3,17.3,17.7
2010-07-09 00:00:00+00:00,18.0,17.6,17.8
2010-07-10 00:00:00+00:00,18.3,17.8,18.1
2010-07-11 00:00:00+00:00,18.6,18.0,18.3
2010-07-12 00:00:00+00:00,18.7,18.0,18.4
2010-07-13 00:00:00+00:00,18.8,18.5,18.6
2010-07-14 00:00:00+00:00,19.5,18.6,18.8
2010-07-15 00:00:00+00:00,19.1,18.5,18.7
2010-07-16 00:00:00+00:00,18.9,18.5,18.7
2010-07-17 00:00:00+00:00,18.9,18.6,18.7
2010-07-18 00:00:00+00:00,18.9,18.6,18.7
2010-07-19 00:00:00+00:00,19.3,18.8,19.0
2010-07-20 00:00:00+00:00,19.5,19.2,19.3
2010-07-21 00:00:00+00:00,19.6,19.2,19.4
2010-07-22 00:00:00+00:00,19.7,19.3,19.4
2010-07-23 00:00:00+00:00,19.9,19.7,19.8
2010-07-24 00:00:00+00:00,20.2,19.8,20.0
2010-07-25 00:00:00+00:00,20.1,19.8,20.0
2010-07-26 00:00:00+00:00,20.1,19.8,19.9
2010-07-27 00:00:00+00:00,20.9,19.8,20.0
2010-07-28 00:00:00+00:00,21.3,20.4,20.6
2010-07-29 00:00:00+00:00,20.8,20.5,20.6
2010-07-30 00:00:00+00:00,21.1,20.6,20.8
2010-07-31 00:00:00+00:00,20.8,20.4,20.5
2010-08-01 00:00:00+00:00,21.0,20.6,20.7
2010-08-02 00:00:00+00:00,20.9,20.7,20.8
2010-08-03 00:00:00+00:00,21.1,20.8,20.9
2010-08-04 00:00:00+00:00,21.6,20.9,21.2
2010-08-05 00:00:00+00:00,21.8,21.5,21.6
2010-08-06 00:00:00+00:00,21.8,21.5,21.6
2010-08-07 00:00:00+00:00,21.6,21.4,21.5
2010-08-08 00:00:00+00:00,21.6,21.4,21.5
2010-08-09 00:00:00+00:00,21.6,21.3,21.4
2010-08-10 00:00:00+00:00,21.4,21.3,21.3
2010-08-11 00:00:00+00:00,21.4,21.2,21.3
2010-08-12 00:00:00+00:00,21.4,21.1,21.2
2010-08-13 00:00:00+00:00,21.7,21.0,21.2
2010-08-14 00:00:00+00:00,21.4,20.9,21.0
2010-08-15 00:00:00+00:00,21.3,20.9,21.0
2010-08-16 00:00:00+00:00,21.3,20.9,21.1
2010-08-17 00:00:00+00:00,21.3,21.0,21.1
2010-08-18 00:00:00+00:00,21.4,21.1,21.2
2010-08-19 00:00:00+00:00,21.4,21.2,21.3
2010-08-20 00:00:00+00:00,21.4,21.1,21.3
2010-08-21 00:00:00+00:00,21.2,20.9,21.1
2010-08-22 00:00:00+00:00,20.9,20.7,20.8
2010-08-23 00:00:00+00:00,20.8,20.7,20.8
2010-08-24 00:00:00+00:00,21.0,20.8,20.8
2010-08-25 00:00:00+00:00,21.2,20.5,20.7
2010-08-26 00:00:00+00:00,20.8,20.4,20.6
2010-08-27 00:00:00+00:00,20.4,20.2,20.3
2010-08-28 00:00:00+00:00,20.3,20.2,20.3
2010-08-29 00:00:00+00:00,20.3,20.1,20.2
2010-08-30 00:00:00+00:00,20.1,20.0,20.1
2010-08-31 00:00:00+00:00,20.0,19.8,19.9
2010-09-01 00:00:00+00:00,19.8,19.6,19.7
2010-09-02 00:00:00+00:00,19.9,19.4,19.5
2010-09-03 00:00:00+00:00,19.9,19.4,19.5
2010-09-04 00:00:00+00:00,19.4,19.1,19.2
2010-09-05 00:00:00+00:00,19.2,19.2,19.2
2010-09-06 00:00:00+00:00,19.2,19.1,19.1
2010-09-07 00:00:00+00:00,19.5,19.1,19.3
2010-09-08 00:00:00+00:00,19.5,19.4,19.5
2010-09-09 00:00:00+00:00,19.4,19.1,19.2
2010-09-10 00:00:00+00:00,19.1,18.9,19.0
2010-09-11 00:00:00+00:00,18.9,18.7,18.8
2010-09-12 00:00:00+00:00,18.7,18.5,18.6
2010-09-13 00:00:00+00:00,18.6,18.5,18.5
2011-03-11 00:00:00+00:00,4.1,3.7,3.9
2011-03-12 00:00:00+00:00,4.1,4.0,4.0
2011-03-13 00:00:00+00:00,4.1,4.0,4.0
2011-03-14 00:00:00+00:00,4.4,4.0,4.1
2011-03-15 00:00:00+00:00,4.2,4.0,4.1
2011-03-16 00:00:00+00:00,4.2,4.0,4.1
2011-03-17 00:00:00+00:00,4.4,4.2,4.3
2011-03-18 00:00:00+00:00,4.4,4.2,4.3
2011-03-19 00:00:00+00:00,4.7,4.3,4.4
2011-03-20 00:00:00+00:00,4.8,4.5,4.6
2011-03-21 00:00:00+00:00,4.9,4.7,4.8
2011-03-22 00:00:00+00:00,5.1,4.8,4.9
2011-03-23 00:00:00+00:00,5.2,4.9,5.0
2011-03-24 00:00:00+00:00,5.0,4.9,5.0
2011-03-25 00:00:00+00:00,5.2,5.0,5.0
2011-03-26 00:00:00+00:00,5.3,5.1,5.2
2011-03-27 00:00:00+00:00,5.4,5.2,5.3
2011-03-28 00:00:00+00:00,5.5,5.2,5.4
2011-03-29 00:00:00+00:00,5.5,5.4,5.5
2011-03-30 00:00:00+00:00,6.0,5.4,5.7
2011-03-31 00:00:00+00:00,6.6,5.9,6.3
2011-04-01 00:00:00+00:00,7.3,6.5,6.8
2011-04-02 00:00:00+00:00,7.4,6.8,7.0
2011-04-03 00:00:00+00:00,7.6,6.8,7.1
2011-04-04 00:00:00+00:00,7.5,6.9,7.1
2011-04-05 00:00:00+00:00,7.3,6.5,6.8
2011-04-06 00:00:00+00:00,7.1,6.7,6.9
2011-04-07 00:00:00+00:00,7.1,6.3,6.7
2011-04-08 00:00:00+00:00,7.2,6.3,6.7
2011-04-09 00:00:00+00:00,7.2,6.8,7.0
2011-04-10 00:00:00+00:00,7.1,6.8,7.0
2011-04-11 00:00:00+00:00,7.2,6.9,7.0
2011-04-12 00:00:00+00:00,7.9,6.9,7.3
2011-04-13 00:00:00+00:00,7.6,7.2,7.3
2011-04-14 00:00:00+00:00,7.7,7.2,7.3
2011-04-15 00:00:00+00:00,7.6,7.1,7.2
2011-04-16 00:00:00+00:00,7.5,7.2,7.3
2011-04-17 00:00:00+00:00,7.7,7.2,7.4
2011-04-18 00:00:00+00:00,7.9,7.5,7.7
2011-04-19 00:00:00+00:00,8.5,7.7,7.9
2011-04-20 00:00:00+00:00,8.4,7.9,8.1
2011-04-21 00:00:00+00:00,8.2,8.0,8.1
2011-04-22 00:00:00+00:00,9.0,7.8,8.2
2011-04-23 00:00:00+00:00,8.8,8.0,8.3
2011-04-24 00:00:00+00:00,8.8,8.4,8.6
2011-04-25 00:00:00+00:00,8.8,8.5,8.7
2011-04-26 00:00:00+00:00,8.8,8.4,8.6
2011-04-27 00:00:00+00:00,8.7,8.3,8.6
2011-04-28 00:00:00+00:00,8.7,8.4,8.6
2011-04-29 00:00:00+00:00,8.8,8.4,8.6
2011-04-30 00:00:00+00:00,8.9,8.5,8.6
2011-05-01 00:00:00+00:00,9.1,8.8,8.9
2011-05-02 00:00:00+00:00,9.4,9.0,9.2
2011-05-03 00:00:00+00:00,9.3,9.0,9.2
2011-05-04 00:00:00+00:00,10.2,9.0,9.2
2011-05-05 00:00:00+00:00,10.2,9.2,9.5
2011-05-06 00:00:00+00:00,10.0,9.6,9.8
2011-05-07 00:00:00+00:00,10.1,9.7,9.9
2011-05-08 00:00:00+00:00,10.3,10.0,10.2
2011-05-09 00:00:00+00:00,10.6,10.2,10.4
2011-05-10 00:00:00+00:00,10.4,10.0,10.2
2011-05-11 00:00:00+00:00,10.8,10.3,10.5
2011-05-12 00:00:00+00:00,11.7,10.8,11.2
2011-05-13 00:00:00+00:00,11.6,11.0,11.2
2011-05-14 00:00:00+00:00,11.5,11.2,11.3
2011-05-15 00:00:00+00:00,11.7,11.5,11.6
2011-05-16 00:00:00+00:00,11.6,11.3,11.4
2011-05-17 00:00:00+00:00,11.7,11.0,11.3
2011-05-18 00:00:00+00:00,11.5,11.1,11.3
2011-05-19 00:00:00+00:00,11.9,11.3,11.5
2011-05-20 00:00:00+00:00,12.0,11.4,11.7
2011-05-21 00:00:00+00:00,11.8,11.3,11.5
2011-05-22 00:00:00+00:00,11.6,11.1,11.3
2011-05-23 00:00:00+00:00,11.4,11.1,11.2
2011-05-24 00:00:00+00:00,11.8,11.0,11.3
2011-05-25 00:00:00+00:00,12.1,11.3,11.7
2011-05-26 00:00:00+00:00,12.1,11.6,11.9
2011-05-27 00:00:00+00:00,12.3,11.8,12.0
2011-05-28 00:00:00+00:00,12.2,11.7,12.0
2011-05-29 00:00:00+00:00,12.2,11.5,11.8
2011-05-30 00:00:00+00:00,12.2,11.6,11.8
2011-05-31 00:00:00+00:00,12.5,11.7,12.0
2011-06-01 00:00:00+00:00,12.5,11.8,12.1
2011-06-02 00:00:00+00:00,12.2,11.9,12.0
2011-06-03 00:00:00+00:00,12.4,11.8,12.0
2011-06-04 00:00:00+00:00,12.9,12.0,12.4
2011-06-05 00:00:00+00:00,13.2,12.4,12.8
2011-06-06 00:00:00+00:00,13.2,12.8,13.0
2011-06-07 00:00:00+00:00,13.4,12.9,13.1
2011-06-08 00:00:00+00:00,13.4,13.2,13.3
2011-06-09 00:00:00+00:00,13.4,13.0,13.2
2011-06-10 00:00:00+00:00,13.8,13.1,13.4
2011-06-11 00:00:00+00:00,13.7,13.3,13.5
2011-06-12 00:00:00+00:00,13.8,13.2,13.4
2011-06-13 00:00:00+00:00,13.6,13.3,13.4
2011-06-14 00:00:00+00:00,13.5,13.3,13.4
2011-06-15 00:00:00+00:00,13.7,13.3,13.5
2011-06-16 00:00:00+00:00,13.6,13.2,13.4
2011-06-17 00:00:00+00:00,14.0,13.3,13.6
2011-06-18 00:00:00+00:00,14.0,13.5,13.7
2011-06-19 00:00:00+00:00,14.0,13.6,13.8
2011-06-20 00:00:00+00:00,14.4,13.6,13.9
2011-06-21 00:00:00+00:00,14.7,13.8,14.2
2011-06-22 00:00:00+00:00,14.9,14.2,14.5
2011-06-23 00:00:00+00:00,14.7,14.4,14.5
2011-06-24 00:00:00+00:00,14.7,14.4,14.6
2011-06-25 00:00:00+00:00,14.9,14.3,14.4
2011-06-26 00:00:00+00:00,15.0,14.2,14.5
2011-06-27 00:00:00+00:00,15.4,14.5,14.8
2011-06-28 00:00:00+00:00,15.3,14.7,15.0
2011-06-29 00:00:00+00:00,15.4,14.9,15.1
2011-06-30 00:00:00+00:00,15.2,14.9,15.1
2011-07-01 00:00:00+00:00,15.5,14.8,15.0
2011-07-02 00:00:00+00:00,15.5,14.8,15.1
2011-07-03 00:00:00+00:00,15.8,15.0,15.3
2011-07-04 00:00:00+00:00,16.1,15.3,15.7
2011-07-05 00:00:00+00:00,16.2,15.5,15.8
2011-07-06 00:00:00+00:00,16.3,15.7,16.0
2011-07-07 00:00:00+00:00,16.4,15.7,16.0
2011-07-08 00:00:00+00:00,16.5,15.8,16.0
2011-07-09 00:00:00+00:00,16.8,15.9,16.2
2011-07-10 00:00:00+00:00,16.5,16.0,16.2
2011-07-11 00:00:00+00:00,16.5,16.1,16.3
2011-07-12 00:00:00+00:00,16.5,16.2,16.3
2011-07-13 00:00:00+00:00,16.8,16.3,16.5
2011-07-14 00:00:00+00:00,16.8,16.5,16.7
2011-07-15 00:00:00+00:00,17.2,16.5,16.7
2011-07-16 00:00:00+00:00,16.9,16.5,16.6
2011-07-17 00:00:00+00:00,16.9,16.6,16.8
2011-07-18 00:00:00+00:00,17.1,16.9,17.0
2011-07-19 00:00:00+00:00,17.3,17.1,17.2
2011-07-20 00:00:00+00:00,17.4,16.9,17.1
2011-07-21 00:00:00+00:00,17.4,16.9,17.0
2011-07-22 00:00:00+00:00,17.5,16.9,17.1
2011-07-23 00:00:00+00:00,18.2,17.2,17.4
2011-07-24 00:00:00+00:00,18.0,17.3,17.7
2011-07-25 00:00:00+00:00,18.0,17.6,17.7
2011-07-26 00:00:00+00:00,18.0,17.8,17.9
2011-07-27 00:00:00+00:00,18.2,17.8,18.0
2011-07-28 00:00:00+00:00,18.5,17.9,18.2
2011-07-29 00:00:00+00:00,18.8,18.1,18.3
2011-07-30 00:00:00+00:00,19.1,18.4,18.6
2011-07-31 00:00:00+00:00,19.1,18.7,18.8
2011-08-01 00:00:00+00:00,19.9,18.7,19.1
2011-08-02 00:00:00+00:00,19.9,19.1,19.3
2011-08-03 00:00:00+00:00,19.4,19.1,19.2
2011-08-04 00:00:00+00:00,19.9,19.2,19.6
2011-08-05 00:00:00+00:00,20.0,19.6,19.7
2011-08-06 00:00:00+00:00,20.0,19.8,19.9
2011-08-07 00:00:00+00:00,20.1,19.6,19.8
2011-08-08 00:00:00+00:00,20.1,19.6,19.9
2011-08-09 00:00:00+00:00,20.2,19.7,20.0
2011-08-10 00:00:00+00:00,20.0,19.7,19.8
2011-08-11 00:00:00+00:00,19.9,19.6,19.8
2011-08-12 00:00:00+00:00,20.4,19.7,20.0
2011-08-13 00:00:00+00:00,20.4,19.8,19.9
2011-08-14 00:00:00+00:00,20.0,19.8,19.9
2011-08-15 00:00:00+00:00,19.9,19.8,19.8
2011-08-16 00:00:00+00:00,20.1,19.8,20.0
2011-08-17 00:00:00+00:00,20.1,19.8,19.9
2011-08-18 00:00:00+00:00,20.3,19.8,20.0
2011-08-19 00:00:00+00:00,20.6,20.0,20.2
2011-08-20 00:00:00+00:00,20.7,20.0,20.2
2011-08-21 00:00:00+00:00,20.8,20.0,20.2
2011-08-22 00:00:00+00:00,20.5,20.1,20.2
2011-08-23 00:00:00+00:00,20.6,20.2,20.3
2011-08-24 00:00:00+00:00,20.6,20.3,20.5
2011-08-25 00:00:00+00:00,20.6,20.3,20.4
2011-08-26 00:00:00+00:00,20.9,20.3,20.6
2011-08-27 00:00:00+00:00,21.0,20.7,20.8
2011-08-28 00:00:00+00:00,21.6,20.9,21.0
2011-08-29 00:00:00+00:00,21.3,20.8,20.9
2011-08-30 00:00:00+00:00,21.0,20.7,20.8
2011-08-31 00:00:00+00:00,20.7,20.3,20.5
2011-09-01 00:00:00+00:00,20.4,20.0,20.2
2011-09-02 00:00:00+00:00,20.3,19.9,20.0
2011-09-03 00:00:00+00:00,20.3,19.8,19.9
2011-09-04 00:00:00+00:00,20.0,19.7,19.8
2011-09-05 00:00:00+00:00,19.9,19.7,19.8
2011-09-06 00:00:00+00:00,20.1,19.6,19.8
2011-09-07 00:00:00+00:00,20.6,19.9,20.2
2011-09-08 00:00:00+00:00,20.5,20.1,20.2
2011-09-09 00:00:00+00:00,20.5,20.2,20.3
2011-09-10 00:00:00+00:00,20.5,20.3,20.4
2011-09-11 00:00:00+00:00,20.7,20.2,20.3
2011-09-12 00:00:00+00:00,20.7,20.3,20.4
2011-09-13 00:00:00+00:00,20.6,20.3,20.5
2012-03-03 00:00:00+00:00,4.2,4.0,4.1
2012-03-04 00:00:00+00:00,4.5,4.1,4.3
2012-03-05 00:00:00+00:00,4.5,4.3,4.4
2012-03-06 00:00:00+00:00,4.6,4.5,4.5
2012-03-07 00:00:00+00:00,5.0,4.6,4.7
2012-03-08 00:00:00+00:00,5.0,4.8,4.9
2012-03-09 00:00:00+00:00,5.0,4.7,4.9
2012-03-10 00:00:00+00:00,5.0,4.6,4.8
2012-03-11 00:00:00+00:00,5.1,4.6,4.7
2012-03-12 00:00:00+00:00,4.8,4.7,4.8
2012-03-13 00:00:00+00:00,5.1,4.8,5.0
2012-03-14 00:00:00+00:00,5.2,5.0,5.0
2012-03-15 00:00:00+00:00,5.2,4.9,5.0
2012-03-16 00:00:00+00:00,5.2,4.9,5.1
2012-03-17 00:00:00+00:00,5.3,5.0,5.1
2012-03-18 00:00:00+00:00,5.4,5.2,5.3
2012-03-19 00:00:00+00:00,5.4,5.1,5.3
2012-03-20 00:00:00+00:00,5.4,5.1,5.2
2012-03-21 00:00:00+00:00,5.2,5.0,5.1
2012-03-22 00:00:00+00:00,5.3,5.0,5.1
2012-03-23 00:00:00+00:00,5.2,5.0,5.1
2012-03-24 00:00:00+00:00,5.1,4.8,5.0
2012-03-25 00:00:00+00:00,5.5,5.1,5.2
2012-03-26 00:00:00+00:00,5.5,5.3,5.4
2012-03-27 00:00:00+00:00,5.8,5.4,5.6
2012-03-28 00:00:00+00:00,6.0,5.6,5.8
2012-03-29 00:00:00+00:00,5.9,5.5,5.6
2012-03-30 00:00:00+00:00,5.9,5.8,5.9
2012-03-31 00:00:00+00:00,5.9,5.7,5.8
2012-04-01 00:00:00+00:00,5.8,5.6,5.7
2012-04-02 00:00:00+00:00,5.8,5.6,5.6
2012-04-03 00:00:00+00:00,6.2,5.5,5.7
2012-04-04 00:00:00+00:00,6.4,5.9,6.1
2012-04-05 00:00:00+00:00,6.8,6.0,6.3
2012-04-06 00:00:00+00:00,7.0,6.4,6.7
2012-04-07 00:00:00+00:00,6.9,6.5,6.7
2012-04-08 00:00:00+00:00,7.6,6.4,6.8
2012-04-09 00:00:00+00:00,7.7,7.0,7.3
2012-04-10 00:00:00+00:00,7.8,7.2,7.4
2012-04-11 00:00:00+00:00,7.6,7.2,7.3
2012-04-12 00:00:00+00:00,7.5,7.1,7.3
2012-04-13 00:00:00+00:00,8.0,7.2,7.5
2012-04-14 00:00:00+00:00,8.1,7.6,7.8
2012-04-15 00:00:00+00:00,8.5,7.8,8.1
2012-04-16 00:00:00+00:00,8.4,8.1,8.2
2012-04-17 00:00:00+00:00,8.5,8.2,8.3
2012-04-18 00:00:00+00:00,8.6,8.2,8.3
2012-04-19 00:00:00+00:00,8.6,8.4,8.5
2012-04-20 00:00:00+00:00,9.0,8.6,8.8
2012-04-21 00:00:00+00:00,9.6,8.7,9.1
2012-04-22 00:00:00+00:00,9.8,9.0,9.4
2012-04-23 00:00:00+00:00,9.9,9.3,9.6
2012-04-24 00:00:00+00:00,10.3,9.8,10.0
2012-04-25 00:00:00+00:00,10.4,10.0,10.2
2012-04-26 00:00:00+00:00,10.3,10.2,10.2
2012-04-27 00:00:00+00:00,10.4,10.1,10.2
2012-04-28 00:00:00+00:00,10.8,10.1,10.4
2012-04-29 00:00:00+00:00,11.1,10.7,10.9
2012-04-30 00:00:00+00:00,10.9,10.6,10.8
2012-05-01 00:00:00+00:00,10.7,10.4,10.5
2012-05-02 00:00:00+00:00,10.4,10.0,10.2
2012-05-03 00:00:00+00:00,10.2,9.8,10.0
2012-05-04 00:00:00+00:00,10.0,9.7,9.8
2012-05-05 00:00:00+00:00,10.0,9.5,9.7
2012-05-06 00:00:00+00:00,10.6,9.7,9.9
2012-05-07 00:00:00+00:00,10.9,9.9,10.3
2012-05-08 00:00:00+00:00,10.9,10.3,10.5
2012-05-09 00:00:00+00:00,11.1,10.8,10.9
2012-05-10 00:00:00+00:00,11.6,11.0,11.2
2012-05-11 00:00:00+00:00,11.6,10.8,11.2
2012-05-12 00:00:00+00:00,12.0,11.1,11.5
2012-05-13 00:00:00+00:00,12.4,11.5,11.8
2012-05-14 00:00:00+00:00,13.0,12.0,12.3
2012-05-15 00:00:00+00:00,12.9,12.4,12.6
2012-05-16 00:00:00+00:00,13.2,12.7,12.9
2012-05-17 00:00:00+00:00,13.4,13.0,13.1
2012-05-18 00:00:00+00:00,13.6,13.1,13.3
2012-05-19 00:00:00+00:00,13.4,12.9,13.1
2012-05-20 00:00:00+00:00,13.3,12.9,13.1
2012-05-21 00:00:00+00:00,13.1,12.7,12.9
2012-05-22 00:00:00+00:00,12.7,12.4,12.5
2012-05-23 00:00:00+00:00,12.5,12.2,12.3
2012-05-24 00:00:00+00:00,12.8,12.0,12.3
2012-05-25 00:00:00+00:00,12.5,12.2,12.3
2012-05-26 00:00:00+00:00,12.3,12.1,12.2
2012-05-27 00:00:00+00:00,12.4,12.1,12.2
2012-05-28 00:00:00+00:00,12.7,12.3,12.4
2012-05-29 00:00:00+00:00,13.3,12.7,12.9
2012-05-30 00:00:00+00:00,13.7,13.0,13.1
2012-05-31 00:00:00+00:00,13.4,13.0,13.1
2012-06-01 00:00:00+00:00,13.5,13.1,13.3
2012-06-02 00:00:00+00:00,13.8,13.4,13.6
2012-06-03 00:00:00+00:00,14.3,13.8,14.0
2012-06-04 00:00:00+00:00,14.3,14.0,14.1
2012-06-05 00:00:00+00:00,14.0,13.4,13.8
2012-06-06 00:00:00+00:00,13.5,13.2,13.3
2012-06-07 00:00:00+00:00,13.3,13.1,13.2
2012-06-08 00:00:00+00:00,13.5,13.2,13.3
2012-06-09 00:00:00+00:00,13.3,13.2,13.3
2012-06-10 00:00:00+00:00,13.4,13.0,13.2
2012-06-11 00:00:00+00:00,13.7,13.0,13.3
2012-06-12 00:00:00+00:00,13.9,13.5,13.6
2012-06-13 00:00:00+00:00,14.2,13.7,13.9
2012-06-14 00:00:00+00:00,14.5,13.9,14.1
2012-06-15 00:00:00+00:00,14.9,14.2,14.4
2012-06-16 00:00:00+00:00,14.7,14.3,14.4
2012-06-17 00:00:00+00:00,14.9,14.5,14.8
2012-06-18 00:00:00+00:00,15.1,14.8,15.0
2012-06-19 00:00:00+00:00,15.0,14.6,14.8
2012-06-20 00:00:00+00:00,15.4,14.5,14.7
2012-06-21 00:00:00+00:00,15.3,14.7,14.9
2012-06-22 00:00:00+00:00,15.4,14.9,15.2
2012-06-23 00:00:00+00:00,15.6,15.1,15.3
2012-06-24 00:00:00+00:00,15.8,15.2,15.3
2012-06-25 00:00:00+00:00,15.6,15.3,15.4
2012-06-26 00:00:00+00:00,15.6,15.0,15.2
2012-06-27 00:00:00+00:00,15.2,14.6,14.9
2012-06-28 00:00:00+00:00,15.3,14.5,14.9
2012-06-29 00:00:00+00:00,15.3,14.8,15.0
2012-06-30 00:00:00+00:00,15.2,14.7,15.0
2012-07-01 00:00:00+00:00,15.2,14.8,14.9
2012-07-02 00:00:00+00:00,15.6,15.0,15.2
2012-07-03 00:00:00+00:00,15.8,15.4,15.6
2012-07-04 00:00:00+00:00,16.1,15.6,15.8
2012-07-05 00:00:00+00:00,16.3,15.7,15.9
2012-07-06 00:00:00+00:00,16.3,15.6,15.9
2012-07-07 00:00:00+00:00,16.8,15.9,16.2
2012-07-08 00:00:00+00:00,17.0,16.4,16.7
2012-07-09 00:00:00+00:00,17.2,16.6,16.8
2012-07-10 00:00:00+00:00,17.1,16.5,16.8
2012-07-11 00:00:00+00:00,17.6,16.9,17.2
2012-07-12 00:00:00+00:00,18.0,17.4,17.5
2012-07-13 00:00:00+00:00,18.2,17.5,17.8
2012-07-14 00:00:00+00:00,18.1,17.5,17.7
2012-07-15 00:00:00+00:00,18.0,17.6,17.8
2012-07-16 00:00:00+00:00,18.1,17.5,17.7
2012-07-17 00:00:00+00:00,18.2,17.6,17.8
2012-07-18 00:00:00+00:00,18.2,17.8,18.0
2012-07-19 00:00:00+00:00,18.8,18.1,18.4
2012-07-20 00:00:00+00:00,18.8,18.5,18.6
2012-07-21 00:00:00+00:00,18.5,18.1,18.3
2012-07-22 00:00:00+00:00,18.6,18.2,18.3
2012-07-23 00:00:00+00:00,18.6,18.1,18.3
2012-07-24 00:00:00+00:00,18.6,17.7,18.1
2012-07-25 00:00:00+00:00,19.0,18.2,18.3
2012-07-26 00:00:00+00:00,19.0,18.4,18.6
2012-07-27 00:00:00+00:00,18.9,18.7,18.8
2012-07-28 00:00:00+00:00,19.1,18.8,19.0
2012-07-29 00:00:00+00:00,19.4,18.9,19.1
2012-07-30 00:00:00+00:00,19.5,19.1,19.2
2012-07-31 00:00:00+00:00,19.6,19.1,19.3
2012-08-01 00:00:00+00:00,19.5,19.2,19.4
2012-08-02 00:00:00+00:00,19.7,19.4,19.6
2012-08-03 00:00:00+00:00,20.4,19.4,19.7
2012-08-04 00:00:00+00:00,20.4,19.5,19.8
2012-08-05 00:00:00+00:00,20.4,19.6,19.9
2012-08-06 00:00:00+00:00,20.4,20.0,20.1
2012-08-07 00:00:00+00:00,20.7,20.2,20.4
2012-08-08 00:00:00+00:00,20.6,20.4,20.5
2012-08-09 00:00:00+00:00,20.7,20.3,20.5
2012-08-10 00:00:00+00:00,20.5,20.1,20.3
2012-08-11 00:00:00+00:00,20.7,20.2,20.4
2012-08-12 00:00:00+00:00,20.8,20.1,20.3
2012-08-13 00:00:00+00:00,20.4,20.1,20.3
2012-08-14 00:00:00+00:00,20.5,20.1,20.3
2012-08-15 00:00:00+00:00,20.5,20.2,20.3
2012-08-16 00:00:00+00:00,21.3,20.3,20.5
2012-08-17 00:00:00+00:00,21.3,20.5,20.6
2012-08-18 00:00:00+00:00,20.7,20.4,20.6
2012-08-19 00:00:00+00:00,20.8,20.4,20.6
2012-08-20 00:00:00+00:00,20.9,20.4,20.6
2012-08-21 00:00:00+00:00,20.9,20.3,20.6
2012-08-22 00:00:00+00:00,20.6,20.3,20.4
2012-08-23 00:00:00+00:00,20.7,20.2,20.4
2012-08-24 00:00:00+00:00,20.2,20.0,20.1
2012-08-25 00:00:00+00:00,20.3,19.7,19.9
2012-08-26 00:00:00+00:00,19.8,19.5,19.6
2012-08-27 00:00:00+00:00,19.7,19.4,19.5
2012-08-28 00:00:00+00:00,19.7,19.4,19.5
2012-08-29 00:00:00+00:00,19.6,19.4,19.5
2012-08-30 00:00:00+00:00,20.0,19.6,19.7
2012-08-31 00:00:00+00:00,20.2,19.7,19.9
2012-09-01 00:00:00+00:00,19.8,19.6,19.7
2012-09-02 00:00:00+00:00,19.8,19.6,19.7
2012-09-03 00:00:00+00:00,19.6,19.4,19.5
2012-09-04 00:00:00+00:00,19.8,19.4,19.6
2012-09-05 00:00:00+00:00,20.2,19.5,19.7
2012-09-06 00:00:00+00:00,20.3,19.7,19.9
2012-09-07 00:00:00+00:00,20.3,19.6,19.8
2012-09-08 00:00:00+00:00,20.2,19.6,19.8
2012-09-09 00:00:00+00:00,20.0,19.5,19.7
2012-09-10 00:00:00+00:00,19.7,19.6,19.7
2012-09-11 00:00:00+00:00,19.8,19.5,19.6
2012-09-12 00:00:00+00:00,19.8,19.3,19.5
2012-09-13 00:00:00+00:00,19.5,19.1,19.3
2012-09-14 00:00:00+00:00,19.4,19.0,19.2
2012-09-15 00:00:00+00:00,19.1,18.8,19.0
2012-09-16 00:00:00+00:00,19.1,18.8,18.9
2012-09-17 00:00:00+00:00,19.5,18.8,19.0
2012-09-18 00:00:00+00:00,19.4,18.9,19.0
2012-09-19 00:00:00+00:00,19.3,18.9,19.1
2012-09-20 00:00:00+00:00,19.5,19.0,19.2
2012-09-21 00:00:00+00:00,19.2,18.9,19.0
2012-09-22 00:00:00+00:00,19.0,18.8,18.9
2012-09-23 00:00:00+00:00,19.0,18.8,18.9
2012-09-24 00:00:00+00:00,18.8,18.6,18.7
2012-09-25 00:00:00+00:00,18.7,18.4,18.6
2012-09-26 00:00:00+00:00,18.6,18.4,18.4
2012-09-27 00:00:00+00:00,18.6,18.3,18.4
2012-09-28 00:00:00+00:00,18.3,18.1,18.2
2012-09-29 00:00:00+00:00,18.2,18.1,18.1
2012-09-30 00:00:00+00:00,18.3,18.1,18.2
2012-10-01 00:00:00+00:00,18.3,18.1,18.2
2012-10-02 00:00:00+00:00,18.3,18.1,18.2
2012-10-03 00:00:00+00:00,18.2,17.8,17.9
2013-03-27 00:00:00+00:00,7.0,6.4,6.7
2013-03-28 00:00:00+00:00,7.4,6.6,6.8
2013-03-29 00:00:00+00:00,7.5,6.8,7.2
2013-03-30 00:00:00+00:00,7.9,7.3,7.6
2013-03-31 00:00:00+00:00,8.2,7.5,7.7
2013-04-01 00:00:00+00:00,7.9,7.4,7.6
2013-04-02 00:00:00+00:00,7.9,7.5,7.7
2013-04-03 00:00:00+00:00,8.8,7.8,8.0
2013-04-04 00:00:00+00:00,8.8,8.3,8.5
2013-04-05 00:00:00+00:00,8.8,8.4,8.6
2013-04-06 00:00:00+00:00,8.8,8.4,8.6
2013-04-07 00:00:00+00:00,8.6,8.3,8.4
2013-04-08 00:00:00+00:00,8.8,8.4,8.5
2013-04-09 00:00:00+00:00,9.1,8.5,8.7
2013-04-10 00:00:00+00:00,9.1,8.3,8.6
2013-04-11 00:00:00+00:00,8.7,8.3,8.4
2013-04-12 00:00:00+00:00,8.7,8.2,8.4
2013-04-13 00:00:00+00:00,8.4,8.2,8.3
2013-04-14 00:00:00+00:00,8.6,8.1,8.2
2013-04-15 00:00:00+00:00,8.4,8.1,8.2
2013-04-16 00:00:00+00:00,8.2,8.0,8.1
2013-04-17 00:00:00+00:00,8.5,7.8,8.1
2013-04-18 00:00:00+00:00,8.4,8.0,8.2
2013-04-19 00:00:00+00:00,8.6,8.3,8.4
2013-04-20 00:00:00+00:00,8.8,8.4,8.6
2013-04-21 00:00:00+00:00,9.0,8.7,8.8
2013-04-22 00:00:00+00:00,9.7,8.8,9.2
2013-04-23 00:00:00+00:00,9.6,9.2,9.4
2013-04-24 00:00:00+00:00,9.6,9.3,9.4
2013-04-25 00:00:00+00:00,9.8,9.4,9.6
2013-04-26 00:00:00+00:00,10.1,9.4,9.7
2013-04-27 00:00:00+00:00,10.4,9.8,10.0
2013-04-28 00:00:00+00:00,10.2,10.0,10.1
2013-04-29 00:00:00+00:00,10.3,10.1,10.2
2013-04-30 00:00:00+00:00,10.8,10.1,10.3
2013-05-01 00:00:00+00:00,10.8,10.2,10.4
2013-05-02 00:00:00+00:00,10.8,10.2,10.5
2013-05-03 00:00:00+00:00,11.1,10.3,10.5
2013-05-04 00:00:00+00:00,11.1,10.7,10.9
2013-05-05 00:00:00+00:00,12.5,10.9,11.2
2013-05-06 00:00:00+00:00,12.7,11.7,11.9
2013-05-07 00:00:00+00:00,12.5,11.8,12.1
2013-05-08 00:00:00+00:00,12.9,12.1,12.3
2013-05-09 00:00:00+00:00,13.0,12.2,12.6
2013-05-10 00:00:00+00:00,13.2,12.4,12.8
2013-05-11 00:00:00+00:00,13.5,13.0,13.1
2013-05-12 00:00:00+00:00,13.3,13.1,13.2
2013-05-13 00:00:00+00:00,13.4,13.1,13.3
2013-05-14 00:00:00+00:00,13.3,12.9,13.0
2013-05-15 00:00:00+00:00,13.2,12.7,12.9
2013-05-16 00:00:00+00:00,13.3,12.8,13.0
2013-05-17 00:00:00+00:00,13.2,12.8,13.0
2013-05-18 00:00:00+00:00,13.0,12.7,12.8
2013-05-19 00:00:00+00:00,12.8,12.5,12.6
2013-05-20 00:00:00+00:00,13.2,12.6,12.8
2013-05-21 00:00:00+00:00,13.2,12.8,12.9
2013-05-22 00:00:00+00:00,12.8,12.4,12.5
2013-05-23 00:00:00+00:00,12.4,12.0,12.2
2013-05-24 00:00:00+00:00,12.6,12.2,12.4
2013-05-25 00:00:00+00:00,13.1,12.4,12.6
2013-05-26 00:00:00+00:00,12.9,12.6,12.7
2013-05-27 00:00:00+00:00,12.9,12.6,12.7
2013-05-28 00:00:00+00:00,13.0,12.5,12.7
2013-05-29 00:00:00+00:00,13.1,12.8,13.0
2013-05-30 00:00:00+00:00,13.2,12.9,13.0
2013-05-31 00:00:00+00:00,13.4,12.9,13.1
2013-06-01 00:00:00+00:00,13.9,13.1,13.4
2013-06-02 00:00:00+00:00,14.3,13.7,13.9
2013-06-03 00:00:00+00:00,14.5,14.0,14.2
2013-06-04 00:00:00+00:00,15.4,14.2,14.8
2013-06-05 00:00:00+00:00,15.7,14.7,15.0
2013-06-06 00:00:00+00:00,15.7,15.0,15.2
2013-06-07 00:00:00+00:00,15.6,15.3,15.4
2013-06-08 00:00:00+00:00,15.9,15.6,15.8
2013-06-09 00:00:00+00:00,16.3,15.8,16.0
2013-06-10 00:00:00+00:00,16.6,16.0,16.2
2013-06-11 00:00:00+00:00,16.4,16.1,16.2
2013-06-12 00:00:00+00:00,16.2,15.7,15.9
2013-06-13 00:00:00+00:00,16.1,15.6,15.9
2013-06-14 00:00:00+00:00,16.3,15.7,15.9
2013-06-15 00:00:00+00:00,16.6,15.7,16.1
2013-06-16 00:00:00+00:00,16.3,16.0,16.1
2013-06-17 00:00:00+00:00,16.6,16.1,16.4
2013-06-18 00:00:00+00:00,16.8,16.3,16.6
2013-06-19 00:00:00+00:00,16.5,16.2,16.4
2013-06-20 00:00:00+00:00,16.2,15.6,15.9
2013-06-21 00:00:00+00:00,15.7,15.4,15.5
2013-06-22 00:00:00+00:00,16.3,15.7,15.9
2013-06-23 00:00:00+00:00,16.5,16.0,16.2
2013-06-24 00:00:00+00:00,16.2,16.0,16.1
2013-06-25 00:00:00+00:00,16.1,15.7,15.9
2013-06-26 00:00:00+00:00,15.9,15.6,15.7
2013-06-27 00:00:00+00:00,16.8,15.6,15.9
2013-06-28 00:00:00+00:00,16.7,15.9,16.2
2013-06-29 00:00:00+00:00,17.0,16.4,16.6
2013-06-30 00:00:00+00:00,17.9,16.8,17.1
2013-07-01 00:00:00+00:00,18.0,17.3,17.5
2013-07-02 00:00:00+00:00,18.0,17.6,17.8
2013-07-03 00:00:00+00:00,18.2,17.8,18.1
2013-07-04 00:00:00+00:00,18.5,18.2,18.4
2013-07-05 00:00:00+00:00,18.4,18.3,18.4
2013-07-06 00:00:00+00:00,18.6,18.3,18.5
2013-07-07 00:00:00+00:00,19.5,18.3,18.6
2013-07-08 00:00:00+00:00,19.2,18.5,18.7
2013-07-09 00:00:00+00:00,19.6,18.8,19.1
2013-07-10 00:00:00+00:00,19.7,19.2,19.3
2013-07-11 00:00:00+00:00,19.6,19.2,19.4
2013-07-12 00:00:00+00:00,19.7,19.2,19.4
2013-07-13 00:00:00+00:00,19.5,19.2,19.3
2013-07-14 00:00:00+00:00,20.0,18.9,19.2
2013-07-15 00:00:00+00:00,19.6,18.9,19.3
2013-07-16 00:00:00+00:00,19.5,19.1,19.3
2013-07-17 00:00:00+00:00,19.4,19.2,19.3
2013-07-18 00:00:00+00:00,19.6,19.2,19.4
2013-07-19 00:00:00+00:00,19.9,19.3,19.6
2013-07-20 00:00:00+00:00,20.4,19.8,20.1
2013-07-21 00:00:00+00:00,20.5,20.0,20.1
2013-07-22 00:00:00+00:00,20.3,20.0,20.2
2013-07-23 00:00:00+00:00,20.7,20.1,20.3
2013-07-24 00:00:00+00:00,21.0,20.3,20.5
2013-07-25 00:00:00+00:00,21.1,20.4,20.8
2013-07-26 00:00:00+00:00,21.2,20.8,21.0
2013-07-27 00:00:00+00:00,21.3,21.0,21.2
2013-07-28 00:00:00+00:00,21.5,21.1,21.2
2013-07-29 00:00:00+00:00,21.3,20.9,21.1
2013-07-30 00:00:00+00:00,21.4,20.9,21.1
2013-07-31 00:00:00+00:00,21.5,21.1,21.2
2013-08-01 00:00:00+00:00,21.1,20.9,21.0
2013-08-02 00:00:00+00:00,20.9,20.6,20.7
2013-08-03 00:00:00+00:00,20.8,20.4,20.6
2013-08-04 00:00:00+00:00,21.3,20.4,20.8
2013-08-05 00:00:00+00:00,21.0,20.5,20.7
2013-08-06 00:00:00+00:00,21.4,20.8,21.1
2013-08-07 00:00:00+00:00,21.5,21.1,21.3
2013-08-08 00:00:00+00:00,21.4,21.2,21.3
2013-08-09 00:00:00+00:00,21.9,21.1,21.3
2013-08-10 00:00:00+00:00,21.4,21.1,21.3
2013-08-11 00:00:00+00:00,21.4,21.1,21.2
2013-08-12 00:00:00+00:00,21.3,21.1,21.2
2013-08-13 00:00:00+00:00,21.7,21.2,21.5
2013-08-14 00:00:00+00:00,22.1,21.5,21.7
2013-08-15 00:00:00+00:00,22.0,21.6,21.8
2013-08-16 00:00:00+00:00,22.2,21.8,21.9
2013-08-17 00:00:00+00:00,22.6,21.9,22.0
2013-08-18 00:00:00+00:00,22.1,21.9,22.0
2013-08-19 00:00:00+00:00,22.2,21.8,21.9
2013-08-20 00:00:00+00:00,22.0,21.8,21.9
2013-08-21 00:00:00+00:00,22.4,21.8,22.1
2013-08-22 00:00:00+00:00,22.4,21.8,22.0
2013-08-23 00:00:00+00:00,22.2,21.6,21.8
2013-08-24 00:00:00+00:00,21.7,21.4,21.6
2013-08-25 00:00:00+00:00,21.5,21.2,21.4
2013-08-26 00:00:00+00:00,21.3,21.2,21.3
2013-08-27 00:00:00+00:00,21.4,21.2,21.3
2013-08-28 00:00:00+00:00,21.8,21.3,21.5
2013-08-29 00:00:00+00:00,21.6,21.1,21.3
2013-08-30 00:00:00+00:00,21.4,21.2,21.3
2013-08-31 00:00:00+00:00,21.7,21.4,21.6
2013-09-01 00:00:00+00:00,21.8,21.5,21.6
2013-09-02 00:00:00+00:00,21.8,21.4,21.6
2013-09-03 00:00:00+00:00,21.6,21.4,21.6
2013-09-04 00:00:00+00:00,21.7,21.4,21.5
2013-09-05 00:00:00+00:00,22.5,21.3,21.7
2013-09-06 00:00:00+00:00,21.5,21.3,21.4
2013-09-07 00:00:00+00:00,21.4,21.4,21.4
2013-09-08 00:00:00+00:00,21.7,21.4,21.6
2013-09-09 00:00:00+00:00,21.6,21.4,21.5
2013-09-10 00:00:00+00:00,21.4,21.2,21.3
2013-09-11 00:00:00+00:00,22.3,21.3,21.5
2013-09-12 00:00:00+00:00,22.1,21.4,21.8
2013-09-13 00:00:00+00:00,22.0,21.6,21.8
2013-09-14 00:00:00+00:00,21.9,21.6,21.7
2013-09-15 00:00:00+00:00,22.2,21.7,21.9
2013-09-16 00:00:00+00:00,21.9,21.6,21.8
2013-09-17 00:00:00+00:00,21.7,21.6,21.7
2013-09-18 00:00:00+00:00,21.6,21.3,21.4
2013-09-19 00:00:00+00:00,21.3,21.0,21.1
2013-09-20 00:00:00+00:00,21.0,20.5,20.7
2013-09-21 00:00:00+00:00,20.5,20.2,20.4
2013-09-22 00:00:00+00:00,20.2,19.8,20.0
2013-09-23 00:00:00+00:00,19.8,19.6,19.7
2013-09-24 00:00:00+00:00,19.6,19.4,19.5
2014-03-11 00:00:00+00:00,5.2,4.9,5.0
2014-03-12 00:00:00+00:00,5.1,4.8,5.0
2014-03-13 00:00:00+00:00,5.2,4.9,5.0
2014-03-14 00:00:00+00:00,5.2,5.0,5.1
2014-03-15 00:00:00+00:00,5.3,5.0,5.1
2014-03-16 00:00:00+00:00,5.3,5.0,5.2
2014-03-17 00:00:00+00:00,5.3,5.1,5.2
2014-03-18 00:00:00+00:00,5.9,5.3,5.5
2014-03-19 00:00:00+00:00,5.8,5.2,5.5
2014-03-20 00:00:00+00:00,5.5,5.3,5.4
2014-03-21 00:00:00+00:00,5.5,5.1,5.3
2014-03-22 00:00:00+00:00,5.3,4.9,5.1
2014-03-23 00:00:00+00:00,5.7,5.0,5.3
2014-03-24 00:00:00+00:00,5.4,5.1,5.2
2014-03-25 00:00:00+00:00,5.6,5.1,5.3
2014-03-26 00:00:00+00:00,5.5,5.1,5.3
2014-03-27 00:00:00+00:00,5.5,5.3,5.4
2014-03-28 00:00:00+00:00,5.7,5.3,5.5
2014-03-29 00:00:00+00:00,5.9,5.5,5.7
2014-03-30 00:00:00+00:00,5.9,5.6,5.7
2014-03-31 00:00:00+00:00,6.3,5.6,6.0
2014-04-01 00:00:00+00:00,6.5,6.2,6.3
2014-04-02 00:00:00+00:00,6.4,6.0,6.3
2014-04-03 00:00:00+00:00,7.0,6.3,6.5
2014-04-04 00:00:00+00:00,7.0,6.7,6.9
2014-04-05 00:00:00+00:00,7.1,6.8,6.9
2014-04-06 00:00:00+00:00,7.4,7.0,7.2
2014-04-07 00:00:00+00:00,7.6,7.3,7.4
2014-04-08 00:00:00+00:00,8.1,7.6,7.8
2014-04-09 00:00:00+00:00,8.2,7.8,8.1
2014-04-10 00:00:00+00:00,8.7,8.0,8.4
2014-04-11 00:00:00+00:00,8.8,8.3,8.6
2014-04-12 00:00:00+00:00,8.6,8.3,8.4
2014-04-13 00:00:00+00:00,9.3,8.4,8.7
2014-04-14 00:00:00+00:00,9.1,8.8,8.9
2014-04-15 00:00:00+00:00,9.0,8.8,8.9
2014-04-16 00:00:00+00:00,9.0,8.6,8.8
2014-04-17 00:00:00+00:00,9.0,8.8,8.9
2014-04-18 00:00:00+00:00,8.9,8.6,8.8
2014-04-19 00:00:00+00:00,8.8,8.4,8.6
2014-04-20 00:00:00+00:00,9.2,8.6,8.8
2014-04-21 00:00:00+00:00,9.0,8.6,8.7
2014-04-22 00:00:00+00:00,8.8,8.6,8.7
2014-04-23 00:00:00+00:00,8.9,8.5,8.7
2014-04-24 00:00:00+00:00,9.0,8.8,8.9
2014-04-25 00:00:00+00:00,9.2,8.8,8.9
2014-04-26 00:00:00+00:00,9.3,9.1,9.2
2014-04-27 00:00:00+00:00,9.3,9.1,9.2
2014-04-28 00:00:00+00:00,9.9,9.2,9.3
2014-04-29 00:00:00+00:00,10.1,9.3,9.6
2014-04-30 00:00:00+00:00,10.4,9.6,10.0
2014-05-01 00:00:00+00:00,10.9,10.0,10.4
2014-05-02 00:00:00+00:00,11.0,10.4,10.6
2014-05-03 00:00:00+00:00,11.1,10.7,10.9
2014-05-04 00:00:00+00:00,11.5,10.9,11.1
2014-05-05 00:00:00+00:00,11.5,11.1,11.3
2014-05-06 00:00:00+00:00,11.5,11.0,11.2
2014-05-07 00:00:00+00:00,11.5,11.1,11.2
2014-05-08 00:00:00+00:00,11.7,11.2,11.4
2014-05-09 00:00:00+00:00,11.7,11.3,11.5
2014-05-10 00:00:00+00:00,11.6,11.3,11.4
2014-05-11 00:00:00+00:00,12.0,11.4,11.6
2014-05-12 00:00:00+00:00,12.4,11.5,11.9
2014-05-13 00:00:00+00:00,12.7,11.8,12.2
2014-05-14 00:00:00+00:00,12.8,12.1,12.3
2014-05-15 00:00:00+00:00,13.2,12.3,12.7
2014-05-16 00:00:00+00:00,13.2,12.6,12.8
2014-05-17 00:00:00+00:00,12.9,12.6,12.7
2014-05-18 00:00:00+00:00,12.9,12.6,12.7
2014-05-19 00:00:00+00:00,13.0,12.5,12.6
2014-05-20 00:00:00+00:00,13.1,12.6,12.7
2014-05-21 00:00:00+00:00,13.3,12.7,12.9
2014-05-22 00:00:00+00:00,13.6,12.9,13.1
2014-05-23 00:00:00+00:00,13.6,13.3,13.4
2014-05-24 00:00:00+00:00,13.8,13.4,13.5
2014-05-25 00:00:00+00:00,13.9,13.5,13.6
2014-05-26 00:00:00+00:00,13.7,13.4,13.6
2014-05-27 00:00:00+00:00,13.8,13.2,13.4
2014-05-28 00:00:00+00:00,13.7,13.3,13.4
2014-05-29 00:00:00+00:00,13.7,13.2,13.3
2014-05-30 00:00:00+00:00,13.9,13.2,13.5
2014-05-31 00:00:00+00:00,13.9,13.5,13.6
2014-06-01 00:00:00+00:00,14.3,13.7,13.9
2014-06-02 00:00:00+00:00,14.5,14.0,14.2
2014-06-03 00:00:00+00:00,14.5,14.2,14.3
2014-06-04 00:00:00+00:00,14.8,14.4,14.6
2014-06-05 00:00:00+00:00,15.3,14.6,14.9
2014-06-06 00:00:00+00:00,15.5,14.8,15.0
2014-06-07 00:00:00+00:00,15.4,15.0,15.1
2014-06-08 00:00:00+00:00,15.4,15.1,15.2
2014-06-09 00:00:00+00:00,15.7,15.3,15.5
2014-06-10 00:00:00+00:00,16.0,15.6,15.7
2014-06-11 00:00:00+00:00,16.3,15.6,15.8
2014-06-12 00:00:00+00:00,16.2,15.6,15.8
2014-06-13 00:00:00+00:00,15.9,15.6,15.7
2014-06-14 00:00:00+00:00,15.6,15.2,15.4
2014-06-15 00:00:00+00:00,15.6,15.0,15.3
2014-06-16 00:00:00+00:00,15.3,15.1,15.2
2014-06-17 00:00:00+00:00,15.4,15.1,15.3
2014-06-18 00:00:00+00:00,15.4,14.8,14.9
2014-06-19 00:00:00+00:00,15.4,14.8,14.9
2014-06-20 00:00:00+00:00,15.8,15.2,15.4
2014-06-21 00:00:00+00:00,16.1,15.6,15.8
2014-06-22 00:00:00+00:00,16.2,15.7,15.9
2014-06-23 00:00:00+00:00,16.2,15.6,16.0
2014-06-24 00:00:00+00:00,16.5,16.1,16.3
2014-06-25 00:00:00+00:00,16.7,16.5,16.6
2014-06-26 00:00:00+00:00,17.0,16.6,16.8
2014-06-27 00:00:00+00:00,16.9,16.7,16.8
2014-06-28 00:00:00+00:00,16.8,16.5,16.7
2014-06-29 00:00:00+00:00,16.7,16.5,16.6
2014-06-30 00:00:00+00:00,17.2,16.5,16.7
2014-07-01 00:00:00+00:00,17.6,16.8,17.1
2014-07-02 00:00:00+00:00,17.7,17.2,17.3
2014-07-03 00:00:00+00:00,17.7,17.4,17.6
2014-07-04 00:00:00+00:00,17.8,17.6,17.7
2014-07-05 00:00:00+00:00,18.0,17.6,17.8
2014-07-06 00:00:00+00:00,18.4,17.8,18.0
2014-07-07 00:00:00+00:00,19.2,18.0,18.4
2014-07-08 00:00:00+00:00,19.1,18.5,18.7
2014-07-09 00:00:00+00:00,19.5,18.7,18.9
2014-07-10 00:00:00+00:00,19.6,19.0,19.2
2014-07-11 00:00:00+00:00,19.7,19.1,19.4
2014-07-12 00:00:00+00:00,20.0,19.3,19.6
2014-07-13 00:00:00+00:00,20.0,19.2,19.4
2014-07-14 00:00:00+00:00,19.5,19.3,19.4
2014-07-15 00:00:00+00:00,19.8,19.4,19.6
2014-07-16 00:00:00+00:00,20.0,19.5,19.7
2014-07-17 00:00:00+00:00,20.3,19.7,19.9
2014-07-18 00:00:00+00:00,20.1,19.8,19.9
2014-07-19 00:00:00+00:00,20.1,19.7,19.8
2014-07-20 00:00:00+00:00,20.2,19.7,20.0
2014-07-21 00:00:00+00:00,20.1,19.9,20.0
2014-07-22 00:00:00+00:00,20.4,20.0,20.2
2014-07-23 00:00:00+00:00,20.7,19.8,20.1
2014-07-24 00:00:00+00:00,19.8,19.6,19.7
2014-07-25 00:00:00+00:00,19.7,19.2,19.5
2014-07-26 00:00:00+00:00,19.9,19.1,19.3
2014-07-27 00:00:00+00:00,19.8,19.3,19.4
2014-07-28 00:00:00+00:00,20.1,19.6,19.7
2014-07-29 00:00:00+00:00,20.2,19.6,19.9
2014-07-30 00:00:00+00:00,20.5,19.8,20.1
2014-07-31 00:00:00+00:00,21.3,20.1,20.6
2014-08-01 00:00:00+00:00,21.2,20.8,21.0
2014-08-02 00:00:00+00:00,21.6,21.0,21.2
2014-08-03 00:00:00+00:00,21.3,21.1,21.3
2014-08-04 00:00:00+00:00,22.0,21.2,21.4
2014-08-05 00:00:00+00:00,21.6,21.2,21.4
2014-08-06 00:00:00+00:00,21.6,21.2,21.4
2014-08-07 00:00:00+00:00,21.8,21.5,21.6
2014-08-08 00:00:00+00:00,21.8,21.5,21.6
2014-08-09 00:00:00+00:00,21.6,21.4,21.5
2014-08-10 00:00:00+00:00,21.7,21.2,21.4
2014-08-11 00:00:00+00:00,21.8,21.3,21.5
2014-08-12 00:00:00+00:00,21.5,21.4,21.4
2014-08-13 00:00:00+00:00,21.5,21.4,21.4
2014-08-14 00:00:00+00:00,21.4,21.3,21.4
2014-08-15 00:00:00+00:00,21.6,21.4,21.5
2014-08-16 00:00:00+00:00,21.6,21.4,21.5
2014-08-17 00:00:00+00:00,21.8,21.4,21.6
2014-08-18 00:00:00+00:00,22.2,21.6,21.9
2014-08-19 00:00:00+00:00,22.4,21.8,22.1
2014-08-20 00:00:00+00:00,22.1,21.9,22.0
2014-08-21 00:00:00+00:00,22.0,21.8,21.9
2014-08-22 00:00:00+00:00,21.8,21.4,21.6
2014-08-23 00:00:00+00:00,21.8,21.1,21.2
2014-08-24 00:00:00+00:00,21.8,21.2,21.4
2014-08-25 00:00:00+00:00,21.8,21.2,21.4
2014-08-26 00:00:00+00:00,21.7,21.3,21.4
2014-08-27 00:00:00+00:00,21.7,21.4,21.6
2014-08-28 00:00:00+00:00,21.8,21.5,21.6
2014-08-29 00:00:00+00:00,21.8,21.5,21.7
2014-08-30 00:00:00+00:00,21.7,21.5,21.6
2014-08-31 00:00:00+00:00,21.5,21.4,21.4
2014-09-01 00:00:00+00:00,21.4,21.1,21.3
2014-09-02 00:00:00+00:00,21.1,20.7,20.9
2014-09-03 00:00:00+00:00,20.8,20.3,20.6
2014-09-04 00:00:00+00:00,20.4,20.3,20.3
2014-09-05 00:00:00+00:00,20.8,20.2,20.3
2014-09-06 00:00:00+00:00,20.6,20.1,20.2
2014-09-07 00:00:00+00:00,20.5,20.0,20.1
2014-09-08 00:00:00+00:00,20.1,19.9,20.0
2014-09-09 00:00:00+00:00,20.1,19.9,20.0
2014-09-10 00:00:00+00:00,20.3,20.0,20.1
2014-09-11 00:00:00+00:00,20.4,19.8,20.0
2014-09-12 00:00:00+00:00,20.2,20.0,20.1
2014-09-13 00:00:00+00:00,20.1,19.8,19.9
2014-09-14 00:00:00+00:00,20.1,19.6,19.8
2015-03-24 00:00:00+00:00,7.5,7.3,7.4
2015-03-25 00:00:00+00:00,7.4,7.1,7.3
2015-03-26 00:00:00+00:00,7.5,7.0,7.2
2015-03-27 00:00:00+00:00,8.3,7.3,7.6
2015-03-28 00:00:00+00:00,7.9,7.5,7.8
2015-03-29 00:00:00+00:00,8.1,7.8,7.9
2015-03-30 00:00:00+00:00,8.7,8.1,8.5
2015-03-31 00:00:00+00:00,8.8,8.4,8.5
2015-04-01 00:00:00+00:00,8.5,8.3,8.4
2015-04-02 00:00:00+00:00,8.7,8.4,8.5
2015-04-03 00:00:00+00:00,8.6,8.4,8.5
2015-04-04 00:00:00+00:00,9.1,8.5,8.6
2015-04-05 00:00:00+00:00,8.9,8.3,8.6
2015-04-06 00:00:00+00:00,8.5,8.3,8.4
2015-04-07 00:00:00+00:00,8.5,8.2,8.4
2015-04-08 00:00:00+00:00,8.6,8.2,8.3
2015-04-09 00:00:00+00:00,8.9,8.6,8.7
2015-04-10 00:00:00+00:00,9.3,8.6,8.8
2015-04-11 00:00:00+00:00,9.2,8.8,9.0
2015-04-12 00:00:00+00:00,9.1,8.8,8.9
2015-04-13 00:00:00+00:00,9.2,8.8,8.9
2015-04-14 00:00:00+00:00,9.0,8.8,8.9
2015-04-15 00:00:00+00:00,9.2,8.8,8.9
2015-04-16 00:00:00+00:00,10.0,8.9,9.3
2015-04-17 00:00:00+00:00,9.7,9.0,9.3
2015-04-18 00:00:00+00:00,10.4,9.5,9.9
2015-04-19 00:00:00+00:00,10.8,9.9,10.1
2015-04-20 00:00:00+00:00,10.7,10.1,10.3
2015-04-21 00:00:00+00:00,11.1,10.4,10.6
2015-04-22 00:00:00+00:00,10.9,10.4,10.6
2015-04-23 00:00:00+00:00,11.0,10.8,10.9
2015-04-24 00:00:00+00:00,11.1,10.7,10.9
2015-04-25 00:00:00+00:00,11.0,10.7,10.8
2015-04-26 00:00:00+00:00,10.9,10.7,10.7
2015-04-27 00:00:00+00:00,11.9,10.7,11.1
2015-04-28 00:00:00+00:00,11.6,11.2,11.3
2015-04-29 00:00:00+00:00,11.7,11.2,11.4
2015-04-30 00:00:00+00:00,12.0,11.6,11.8
2015-05-01 00:00:00+00:00,12.4,11.8,12.1
2015-05-02 00:00:00+00:00,12.9,12.0,12.4
2015-05-03 00:00:00+00:00,13.2,12.5,12.8
2015-05-04 00:00:00+00:00,13.0,12.4,12.7
2015-05-05 00:00:00+00:00,12.7,12.4,12.6
2015-05-06 00:00:00+00:00,12.6,12.4,12.5
2015-05-07 00:00:00+00:00,12.9,12.4,12.6
2015-05-08 00:00:00+00:00,13.1,12.8,12.9
2015-05-09 00:00:00+00:00,14.2,12.8,13.4
2015-05-10 00:00:00+00:00,14.0,13.0,13.3
2015-05-11 00:00:00+00:00,13.5,13.1,13.3
2015-05-12 00:00:00+00:00,13.4,13.1,13.3
2015-05-13 00:00:00+00:00,13.5,13.3,13.4
2015-05-14 00:00:00+00:00,13.9,13.2,13.3
2015-05-15 00:00:00+00:00,13.4,12.8,13.1
2015-05-16 00:00:00+00:00,13.0,12.8,12.9
2015-05-17 00:00:00+00:00,14.2,13.0,13.3
2015-05-18 00:00:00+00:00,14.8,13.4,13.8
2015-05-19 00:00:00+00:00,14.5,14.2,14.3
2015-05-20 00:00:00+00:00,14.4,14.2,14.3
2015-05-21 00:00:00+00:00,14.9,14.2,14.4
2015-05-22 00:00:00+00:00,15.1,14.3,14.6
2015-05-23 00:00:00+00:00,14.7,14.3,14.6
2015-05-24 00:00:00+00:00,15.1,14.6,15.0
2015-05-25 00:00:00+00:00,15.7,15.1,15.5
2015-05-26 00:00:00+00:00,16.1,15.6,15.8
2015-05-27 00:00:00+00:00,16.0,15.6,15.8
2015-05-28 00:00:00+00:00,16.4,15.6,15.9
2015-05-29 00:00:00+00:00,16.7,15.6,16.2
2015-05-30 00:00:00+00:00,16.3,16.0,16.2
2015-05-31 00:00:00+00:00,17.1,16.1,16.4
2015-06-01 00:00:00+00:00,16.7,16.3,16.5
2015-06-02 00:00:00+00:00,16.7,16.5,16.6
2015-06-03 00:00:00+00:00,16.5,16.3,16.4
2015-06-04 00:00:00+00:00,16.7,16.3,16.5
2015-06-05 00:00:00+00:00,17.4,16.4,16.8
2015-06-06 00:00:00+00:00,17.9,16.8,17.3
2015-06-07 00:00:00+00:00,17.6,17.1,17.4
2015-06-08 00:00:00+00:00,18.4,17.2,17.6
2015-06-09 00:00:00+00:00,18.4,17.6,18.0
2015-06-10 00:00:00+00:00,18.3,17.9,18.2
2015-06-11 00:00:00+00:00,18.3,18.0,18.1
2015-06-12 00:00:00+00:00,18.4,18.0,18.2
2015-06-13 00:00:00+00:00,18.7,18.1,18.4
2015-06-14 00:00:00+00:00,18.9,18.5,18.6
2015-06-15 00:00:00+00:00,19.8,18.5,18.9
2015-06-16 00:00:00+00:00,19.3,18.7,18.8
2015-06-17 00:00:00+00:00,18.8,18.6,18.7
2015-06-18 00:00:00+00:00,19.2,18.6,18.7
2015-06-19 00:00:00+00:00,18.9,18.7,18.8
2015-06-20 00:00:00+00:00,19.3,18.9,19.1
2015-06-21 00:00:00+00:00,19.8,19.1,19.3
2015-06-22 00:00:00+00:00,20.2,19.3,19.6
2015-06-23 00:00:00+00:00,19.7,19.4,19.6
2015-06-24 00:00:00+00:00,19.8,19.6,19.6
2015-06-25 00:00:00+00:00,19.8,19.4,19.6
2015-06-26 00:00:00+00:00,19.9,19.6,19.7
2015-06-27 00:00:00+00:00,20.4,19.7,20.1
2015-06-28 00:00:00+00:00,20.5,20.0,20.3
2015-06-29 00:00:00+00:00,20.7,20.0,20.3
2015-06-30 00:00:00+00:00,20.9,20.4,20.6
2015-07-01 00:00:00+00:00,22.1,20.6,21.0
2015-07-02 00:00:00+00:00,22.1,20.8,21.4
2015-07-03 00:00:00+00:00,22.2,21.5,21.8
2015-07-04 00:00:00+00:00,21.7,21.4,21.5
2015-07-05 00:00:00+00:00,21.8,21.3,21.5
2015-07-06 00:00:00+00:00,22.1,21.4,21.6
2015-07-07 00:00:00+00:00,21.9,21.6,21.7
2015-07-08 00:00:00+00:00,22.0,21.5,21.7
2015-07-09 00:00:00+00:00,22.2,21.5,21.8
2015-07-10 00:00:00+00:00,22.1,21.8,21.9
2015-07-11 00:00:00+00:00,22.2,21.9,22.1
2015-07-12 00:00:00+00:00,22.2,22.0,22.2
2015-07-13 00:00:00+00:00,22.0,21.9,21.9
2015-07-14 00:00:00+00:00,22.4,21.8,21.9
2015-07-15 00:00:00+00:00,22.1,21.7,21.8
2015-07-16 00:00:00+00:00,21.9,21.8,21.8
2015-07-17 00:00:00+00:00,21.9,21.6,21.8
2015-07-18 00:00:00+00:00,21.7,21.4,21.6
2015-07-19 00:00:00+00:00,21.9,21.3,21.5
2015-07-20 00:00:00+00:00,21.4,21.2,21.3
2015-07-21 00:00:00+00:00,21.7,21.3,21.5
2015-07-22 00:00:00+00:00,21.6,21.4,21.5
2015-07-23 00:00:00+00:00,21.4,21.3,21.4
2015-07-24 00:00:00+00:00,21.4,21.1,21.3
2015-07-25 00:00:00+00:00,21.3,21.1,21.2
2015-07-26 00:00:00+00:00,21.3,21.0,21.2
2015-07-27 00:00:00+00:00,21.0,20.7,20.9
2015-07-28 00:00:00+00:00,20.8,20.7,20.7
2015-07-29 00:00:00+00:00,21.4,20.7,20.8
2015-07-30 00:00:00+00:00,21.4,20.7,21.0
2015-07-31 00:00:00+00:00,21.2,20.8,21.0
2015-08-01 00:00:00+00:00,21.5,21.0,21.2
2015-08-02 00:00:00+00:00,21.6,21.1,21.3
2015-08-03 00:00:00+00:00,21.6,21.4,21.5
2015-08-04 00:00:00+00:00,21.8,21.5,21.6
2015-08-05 00:00:00+00:00,21.7,21.5,21.6
2015-08-06 00:00:00+00:00,21.5,21.3,21.4
2015-08-07 00:00:00+00:00,21.5,21.2,21.4
2015-08-08 00:00:00+00:00,22.1,21.3,21.5
2015-08-09 00:00:00+00:00,21.4,21.2,21.3
2015-08-10 00:00:00+00:00,21.4,21.1,21.3
2015-08-11 00:00:00+00:00,21.3,21.0,21.2
2015-08-12 00:00:00+00:00,21.9,21.1,21.4
2015-08-13 00:00:00+00:00,21.6,21.3,21.4
2015-08-14 00:00:00+00:00,21.8,21.4,21.5
2015-08-15 00:00:00+00:00,21.8,21.6,21.7
2015-08-16 00:00:00+00:00,21.8,21.6,21.7
2015-08-17 00:00:00+00:00,21.8,21.4,21.6
2015-08-18 00:00:00+00:00,21.6,21.3,21.4
2015-08-19 00:00:00+00:00,21.6,21.4,21.5
2015-08-20 00:00:00+00:00,21.6,21.2,21.4
2015-08-21 00:00:00+00:00,21.4,21.3,21.4
2015-08-22 00:00:00+00:00,21.6,21.2,21.4
2015-08-23 00:00:00+00:00,21.7,21.2,21.4
2015-08-24 00:00:00+00:00,21.5,21.0,21.2
2015-08-25 00:00:00+00:00,21.1,20.8,20.9
2015-08-26 00:00:00+00:00,21.1,20.8,20.9
2015-08-27 00:00:00+00:00,21.4,20.8,21.1
2015-08-28 00:00:00+00:00,21.5,21.1,21.2
2015-08-29 00:00:00+00:00,21.3,21.0,21.1
2015-08-30 00:00:00+00:00,21.0,20.8,20.9
2015-08-31 00:00:00+00:00,20.8,20.6,20.7
2015-09-01 00:00:00+00:00,20.6,20.4,20.5
2015-09-02 00:00:00+00:00,20.4,20.1,20.3
2015-09-03 00:00:00+00:00,20.1,19.8,20.0
2015-09-04 00:00:00+00:00,19.8,19.7,19.7
2015-09-05 00:00:00+00:00,19.7,19.6,19.6
2015-09-06 00:00:00+00:00,19.6,19.4,19.5
2015-09-07 00:00:00+00:00,19.4,19.3,19.3
2015-09-08 00:00:00+00:00,19.4,19.2,19.3
2015-09-09 00:00:00+00:00,19.3,19.0,19.1
2016-03-23 00:00:00+00:00,7.0,6.8,6.9
2016-03-24 00:00:00+00:00,7.2,6.9,7.0
2016-03-25 00:00:00+00:00,7.6,7.0,7.2
2016-03-26 00:00:00+00:00,7.7,7.4,7.6
2016-03-27 00:00:00+00:00,8.1,7.5,7.8
2016-03-28 00:00:00+00:00,8.0,7.7,7.8
2016-03-29 00:00:00+00:00,8.0,7.7,7.9
2016-03-30 00:00:00+00:00,8.6,7.7,8.0
2016-03-31 00:00:00+00:00,8.4,8.0,8.2
2016-04-01 00:00:00+00:00,8.6,8.2,8.4
2016-04-02 00:00:00+00:00,9.0,8.4,8.6
2016-04-03 00:00:00+00:00,9.1,8.6,8.9
2016-04-04 00:00:00+00:00,9.4,8.8,9.1
2016-04-05 00:00:00+00:00,9.9,9.4,9.5
2016-04-06 00:00:00+00:00,10.0,9.6,9.8
2016-04-07 00:00:00+00:00,10.2,9.6,9.9
2016-04-08 00:00:00+00:00,10.3,9.6,9.9
2016-04-09 00:00:00+00:00,10.8,9.8,10.0
2016-04-10 00:00:00+00:00,10.8,10.1,10.3
2016-04-11 00:00:00+00:00,10.8,10.3,10.5
2016-04-12 00:00:00+00:00,10.8,10.4,10.6
2016-04-13 00:00:00+00:00,11.0,10.5,10.7
2016-04-14 00:00:00+00:00,11.1,10.6,10.9
2016-04-15 00:00:00+00:00,10.9,10.5,10.7
2016-04-16 00:00:00+00:00,10.9,10.3,10.5
2016-04-17 00:00:00+00:00,11.0,10.4,10.6
2016-04-18 00:00:00+00:00,11.2,10.5,10.8
2016-04-19 00:00:00+00:00,11.3,10.6,10.9
2016-04-20 00:00:00+00:00,11.2,10.8,11.0
2016-04-21 00:00:00+00:00,11.0,10.7,10.8
2016-04-22 00:00:00+00:00,11.1,10.7,10.9
2016-04-23 00:00:00+00:00,11.0,10.8,10.9
2016-04-24 00:00:00+00:00,11.2,10.8,10.9
2016-04-25 00:00:00+00:00,11.2,10.9,11.0
2016-04-26 00:00:00+00:00,11.6,11.0,11.2
2016-04-27 00:00:00+00:00,11.6,11.2,11.4
2016-04-28 00:00:00+00:00,11.5,11.2,11.3
2016-04-29 00:00:00+00:00,11.4,11.2,11.3
2016-04-30 00:00:00+00:00,11.8,11.3,11.4
2016-05-01 00:00:00+00:00,12.2,11.4,11.8
2016-05-02 00:00:00+00:00,12.7,11.6,12.1
2016-05-03 00:00:00+00:00,12.4,11.9,12.1
2016-05-04 00:00:00+00:00,13.0,12.2,12.5
2016-05-05 00:00:00+00:00,12.9,12.5,12.7
2016-05-06 00:00:00+00:00,13.4,12.6,12.9
2016-05-07 00:00:00+00:00,13.6,12.9,13.2
2016-05-08 00:00:00+00:00,13.8,13.2,13.5
2016-05-09 00:00:00+00:00,13.7,13.3,13.5
2016-05-10 00:00:00+00:00,14.3,13.2,13.6
2016-05-11 00:00:00+00:00,14.2,13.2,13.5
2016-05-12 00:00:00+00:00,14.4,13.6,13.8
2016-05-13 00:00:00+00:00,15.3,13.9,14.4
2016-05-14 00:00:00+00:00,14.6,14.4,14.5
2016-05-15 00:00:00+00:00,14.5,14.2,14.4
2016-05-16 00:00:00+00:00,14.5,13.7,13.9
2016-05-17 00:00:00+00:00,14.9,13.8,14.0
2016-05-18 00:00:00+00:00,14.6,14.2,14.4
2016-05-19 00:00:00+00:00,14.9,14.5,14.6
2016-05-20 00:00:00+00:00,14.7,14.2,14.5
2016-05-21 00:00:00+00:00,14.4,13.8,14.0
2016-05-22 00:00:00+00:00,14.0,13.8,13.9
2016-05-23 00:00:00+00:00,14.0,13.9,13.9
2016-05-24 00:00:00+00:00,14.4,14.0,14.2
2016-05-25 00:00:00+00:00,14.9,14.2,14.6
2016-05-26 00:00:00+00:00,15.0,14.6,14.9
2016-05-27 00:00:00+00:00,15.0,14.7,14.8
2016-05-28 00:00:00+00:00,15.3,14.7,14.9
2016-05-29 00:00:00+00:00,15.6,14.9,15.2
2016-05-30 00:00:00+00:00,16.5,15.0,15.4
2016-05-31 00:00:00+00:00,16.8,15.5,15.8
2016-06-01 00:00:00+00:00,16.0,15.5,15.7
2016-06-02 00:00:00+00:00,15.9,15.5,15.7
2016-06-03 00:00:00+00:00,16.8,15.7,15.8
2016-06-04 00:00:00+00:00,16.9,15.8,16.3
2016-06-05 00:00:00+00:00,17.5,16.5,16.6
2016-06-06 00:00:00+00:00,17.2,16.8,16.9
2016-06-07 00:00:00+00:00,17.6,17.0,17.3
2016-06-08 00:00:00+00:00,18.2,17.4,17.6
2016-06-09 00:00:00+00:00,17.7,17.3,17.6
2016-06-10 00:00:00+00:00,17.6,17.2,17.4
2016-06-11 00:00:00+00:00,17.3,17.1,17.3
2016-06-12 00:00:00+00:00,17.4,17.1,17.3
2016-06-13 00:00:00+00:00,17.6,17.1,17.3
2016-06-14 00:00:00+00:00,17.4,17.2,17.3
2016-06-15 00:00:00+00:00,17.3,16.9,17.1
2016-06-16 00:00:00+00:00,16.9,16.7,16.9
2016-06-17 00:00:00+00:00,17.3,16.7,17.0
2016-06-18 00:00:00+00:00,17.1,16.9,17.0
2016-06-19 00:00:00+00:00,17.1,16.8,16.8
2016-06-20 00:00:00+00:00,17.0,16.7,16.8
2016-06-21 00:00:00+00:00,17.3,16.7,16.9
2016-06-22 00:00:00+00:00,17.9,17.3,17.6
2016-06-23 00:00:00+00:00,17.8,17.4,17.6
2016-06-24 00:00:00+00:00,17.7,17.6,17.6
2016-06-25 00:00:00+00:00,17.7,17.4,17.5
2016-06-26 00:00:00+00:00,18.7,17.5,17.8
2016-06-27 00:00:00+00:00,19.3,17.8,18.0
2016-06-28 00:00:00+00:00,19.3,17.9,18.2
2016-06-29 00:00:00+00:00,18.7,18.3,18.5
2016-06-30 00:00:00+00:00,19.0,18.5,18.8
2016-07-01 00:00:00+00:00,19.4,18.9,19.2
2016-07-02 00:00:00+00:00,19.6,19.1,19.3
2016-07-03 00:00:00+00:00,19.4,19.1,19.2
2016-07-04 00:00:00+00:00,19.4,19.2,19.3
2016-07-05 00:00:00+00:00,19.6,19.2,19.4
2016-07-06 00:00:00+00:00,19.6,19.5,19.5
2016-07-07 00:00:00+00:00,19.9,19.2,19.5
2016-07-08 00:00:00+00:00,19.4,19.1,19.2
2016-07-09 00:00:00+00:00,19.4,19.2,19.3
2016-07-10 00:00:00+00:00,19.3,19.0,19.1
2016-07-11 00:00:00+00:00,19.2,18.9,19.0
2016-07-12 00:00:00+00:00,19.2,19.0,19.1
2016-07-13 00:00:00+00:00,19.5,19.1,19.2
2016-07-14 00:00:00+00:00,19.8,19.3,19.5
2016-07-15 00:00:00+00:00,19.7,19.4,19.5
2016-07-16 00:00:00+00:00,20.0,19.7,19.8
2016-07-17 00:00:00+00:00,20.5,19.9,20.0
2016-07-18 00:00:00+00:00,20.1,19.8,19.9
2016-07-19 00:00:00+00:00,19.9,19.8,19.8
2016-07-20 00:00:00+00:00,20.1,19.8,19.9
2016-07-21 00:00:00+00:00,20.0,19.7,19.9
2016-07-22 00:00:00+00:00,20.0,19.7,19.7
2016-07-23 00:00:00+00:00,20.3,20.0,20.2
2016-07-24 00:00:00+00:00,20.6,20.3,20.4
2016-07-25 00:00:00+00:00,20.7,20.4,20.5
2016-07-26 00:00:00+00:00,20.8,20.3,20.6
2016-07-27 00:00:00+00:00,21.1,20.6,20.8
2016-07-28 00:00:00+00:00,21.3,21.0,21.2
2016-07-29 00:00:00+00:00,21.8,21.2,21.4
2016-07-30 00:00:00+00:00,21.8,21.2,21.4
2016-07-31 00:00:00+00:00,21.5,21.3,21.4
2016-08-01 00:00:00+00:00,21.6,21.4,21.5
2016-08-02 00:00:00+00:00,21.5,21.2,21.4
2016-08-03 00:00:00+00:00,21.2,21.0,21.1
2016-08-04 00:00:00+00:00,21.2,20.9,21.0
2016-08-05 00:00:00+00:00,21.2,20.9,21.1
2016-08-06 00:00:00+00:00,21.1,20.8,20.9
2016-08-07 00:00:00+00:00,21.1,20.9,21.0
2016-08-08 00:00:00+00:00,21.0,20.8,20.9
2016-08-09 00:00:00+00:00,20.8,20.7,20.8
2016-08-10 00:00:00+00:00,20.8,20.6,20.7
2016-08-11 00:00:00+00:00,20.9,20.6,20.7
2016-08-12 00:00:00+00:00,21.5,20.6,21.0
2016-08-13 00:00:00+00:00,21.5,20.8,21.2
2016-08-14 00:00:00+00:00,21.7,21.0,21.3
2016-08-15 00:00:00+00:00,21.4,21.1,21.2
2016-08-16 00:00:00+00:00,21.6,21.2,21.3
2016-08-17 00:00:00+00:00,21.6,21.2,21.4
2016-08-18 00:00:00+00:00,21.9,21.4,21.7
2016-08-19 00:00:00+00:00,22.7,21.6,21.9
2016-08-20 00:00:00+00:00,22.2,21.7,21.9
2016-08-21 00:00:00+00:00,22.2,21.6,21.8
2016-08-22 00:00:00+00:00,21.8,21.4,21.6
2016-08-23 00:00:00+00:00,21.4,21.4,21.4
2016-08-24 00:00:00+00:00,21.8,21.3,21.4
2016-08-25 00:00:00+00:00,21.6,21.3,21.4
2016-08-26 00:00:00+00:00,21.7,21.3,21.4
2016-08-27 00:00:00+00:00,21.4,21.2,21.3
2016-08-28 00:00:00+00:00,21.4,21.2,21.3
2016-08-29 00:00:00+00:00,21.6,21.2,21.4
2016-08-30 00:00:00+00:00,21.6,21.4,21.5
2016-08-31 00:00:00+00:00,21.4,21.2,21.2
2016-09-01 00:00:00+00:00,21.2,21.0,21.1
2016-09-02 00:00:00+00:00,21.0,20.7,20.8
2016-09-03 00:00:00+00:00,20.7,20.5,20.6
2016-09-04 00:00:00+00:00,20.5,20.3,20.4
2016-09-05 00:00:00+00:00,20.3,20.1,20.2
2017-03-15 00:00:00+00:00,5.0,4.8,4.9
2017-03-16 00:00:00+00:00,5.4,4.8,5.0
2017-03-17 00:00:00+00:00,5.8,5.3,5.6
2017-03-18 00:00:00+00:00,5.7,5.4,5.6
2017-03-19 00:00:00+00:00,5.9,5.3,5.5
2017-03-20 00:00:00+00:00,5.9,5.4,5.6
2017-03-21 00:00:00+00:00,5.8,5.4,5.5
2017-03-22 00:00:00+00:00,5.5,5.0,5.3
2017-03-23 00:00:00+00:00,5.9,4.8,5.3
2017-03-24 00:00:00+00:00,5.9,5.0,5.5
2017-03-25 00:00:00+00:00,6.2,5.4,5.8
2017-03-26 00:00:00+00:00,6.5,5.8,6.1
2017-03-27 00:00:00+00:00,6.6,6.3,6.4
2017-03-28 00:00:00+00:00,6.9,6.2,6.6
2017-03-29 00:00:00+00:00,6.8,6.4,6.6
2017-03-30 00:00:00+00:00,6.8,6.3,6.6
2017-03-31 00:00:00+00:00,7.2,6.4,6.8
2017-04-01 00:00:00+00:00,7.4,7.0,7.2
2017-04-02 00:00:00+00:00,7.7,7.1,7.4
2017-04-03 00:00:00+00:00,7.9,7.2,7.6
2017-04-04 00:00:00+00:00,7.7,7.3,7.5
2017-04-05 00:00:00+00:00,8.0,7.5,7.7
2017-04-06 00:00:00+00:00,7.8,7.5,7.7
2017-04-07 00:00:00+00:00,7.7,7.3,7.5
2017-04-08 00:00:00+00:00,7.8,7.5,7.6
2017-04-09 00:00:00+00:00,7.8,7.2,7.6
2017-04-10 00:00:00+00:00,7.9,7.2,7.6
2017-04-11 00:00:00+00:00,7.9,7.6,7.7
2017-04-12 00:00:00+00:00,7.9,7.7,7.8
2017-04-13 00:00:00+00:00,8.4,7.6,7.9
2017-04-14 00:00:00+00:00,8.2,7.8,8.0
2017-04-15 00:00:00+00:00,8.2,7.9,8.0
2017-04-16 00:00:00+00:00,8.3,7.8,8.1
2017-04-17 00:00:00+00:00,8.6,8.1,8.2
2017-04-18 00:00:00+00:00,8.9,8.3,8.5
2017-04-19 00:00:00+00:00,9.0,8.5,8.7
2017-04-20 00:00:00+00:00,9.1,8.8,9.0
2017-04-21 00:00:00+00:00,9.7,8.9,9.2
2017-04-22 00:00:00+00:00,9.7,9.0,9.2
2017-04-23 00:00:00+00:00,9.6,9.4,9.5
2017-04-24 00:00:00+00:00,9.8,9.4,9.6
2017-04-25 00:00:00+00:00,9.8,9.5,9.7
2017-04-26 00:00:00+00:00,9.9,9.5,9.7
2017-04-27 00:00:00+00:00,9.9,9.5,9.7
2017-04-28 00:00:00+00:00,10.1,9.6,9.8
2017-04-29 00:00:00+00:00,10.3,9.8,10.0
2017-04-30 00:00:00+00:00,10.3,10.0,10.1
2017-05-01 00:00:00+00:00,10.5,10.1,10.3
2017-05-02 00:00:00+00:00,10.7,10.1,10.4
2017-05-03 00:00:00+00:00,11.1,10.1,10.4
2017-05-04 00:00:00+00:00,11.5,10.6,11.0
2017-05-05 00:00:00+00:00,11.1,10.9,11.0
2017-05-06 00:00:00+00:00,11.1,10.9,11.0
2017-05-07 00:00:00+00:00,11.4,10.7,11.0
2017-05-08 00:00:00+00:00,11.6,11.0,11.3
2017-05-09 00:00:00+00:00,11.9,11.2,11.5
2017-05-10 00:00:00+00:00,12.2,11.6,11.9
2017-05-11 00:00:00+00:00,12.2,11.9,12.1
2017-05-12 00:00:00+00:00,11.9,11.2,11.6
2017-05-13 00:00:00+00:00,11.4,11.1,11.2
2017-05-14 00:00:00+00:00,11.4,10.9,11.1
2017-05-15 00:00:00+00:00,11.6,11.0,11.2
2017-05-16 00:00:00+00:00,11.4,11.1,11.3
2017-05-17 00:00:00+00:00,11.4,11.1,11.2
2017-05-18 00:00:00+00:00,11.7,11.0,11.3
2017-05-19 00:00:00+00:00,12.0,11.2,11.5
2017-05-20 00:00:00+00:00,11.9,11.3,11.6
2017-05-21 00:00:00+00:00,12.5,11.7,12.0
2017-05-22 00:00:00+00:00,12.8,12.0,12.3
2017-05-23 00:00:00+00:00,13.2,12.3,12.6
2017-05-24 00:00:00+00:00,13.2,12.7,12.9
2017-05-25 00:00:00+00:00,13.2,12.7,12.9
2017-05-26 00:00:00+00:00,13.3,12.5,12.8
2017-05-27 00:00:00+00:00,13.8,12.8,13.2
2017-05-28 00:00:00+00:00,14.2,13.2,13.7
2017-05-29 00:00:00+00:00,14.7,13.6,14.1
2017-05-30 00:00:00+00:00,14.4,13.8,14.1
2017-05-31 00:00:00+00:00,14.2,13.8,14.0
2017-06-01 00:00:00+00:00,13.9,13.5,13.7
2017-06-02 00:00:00+00:00,14.0,13.4,13.6
2017-06-03 00:00:00+00:00,14.4,13.6,13.9
2017-06-04 00:00:00+00:00,14.3,14.0,14.1
2017-06-05 00:00:00+00:00,14.6,13.6,13.9
2017-06-06 00:00:00+00:00,14.7,13.7,14.1
2017-06-07 00:00:00+00:00,14.7,14.0,14.3
2017-06-08 00:00:00+00:00,14.5,14.2,14.3
2017-06-09 00:00:00+00:00,14.7,14.0,14.2
2017-06-10 00:00:00+00:00,14.8,14.0,14.3
2017-06-11 00:00:00+00:00,14.8,14.1,14.4
2017-06-12 00:00:00+00:00,15.0,14.4,14.7
2017-06-13 00:00:00+00:00,14.9,14.4,14.7
2017-06-14 00:00:00+00:00,15.1,14.6,14.8
2017-06-15 00:00:00+00:00,14.9,14.7,14.8
2017-06-16 00:00:00+00:00,14.8,14.7,14.7
2017-06-17 00:00:00+00:00,15.0,14.6,14.7
2017-06-18 00:00:00+00:00,15.7,14.8,15.1
2017-06-19 00:00:00+00:00,16.2,15.3,15.7
2017-06-20 00:00:00+00:00,16.2,15.7,15.9
2017-06-21 00:00:00+00:00,16.4,16.0,16.1
2017-06-22 00:00:00+00:00,17.0,16.1,16.5
2017-06-23 00:00:00+00:00,17.3,16.2,16.5
2017-06-24 00:00:00+00:00,17.1,16.3,16.7
2017-06-25 00:00:00+00:00,17.6,16.7,17.1
2017-06-26 00:00:00+00:00,17.7,17.1,17.3
2017-06-27 00:00:00+00:00,17.7,17.3,17.5
2017-06-28 00:00:00+00:00,17.8,17.4,17.6
2017-06-29 00:00:00+00:00,18.5,17.6,17.9
2017-06-30 00:00:00+00:00,18.9,17.7,18.0
2017-07-01 00:00:00+00:00,18.4,18.0,18.2
2017-07-02 00:00:00+00:00,18.6,18.1,18.3
2017-07-03 00:00:00+00:00,18.8,18.4,18.6
2017-07-04 00:00:00+00:00,19.5,18.7,18.9
2017-07-05 00:00:00+00:00,19.8,18.8,19.1
2017-07-06 00:00:00+00:00,19.5,19.0,19.2
2017-07-07 00:00:00+00:00,19.6,19.1,19.4
2017-07-08 00:00:00+00:00,19.9,19.3,19.7
2017-07-09 00:00:00+00:00,19.9,19.6,19.7
2017-07-10 00:00:00+00:00,20.0,19.7,19.9
2017-07-11 00:00:00+00:00,20.1,19.8,20.0
2017-07-12 00:00:00+00:00,20.5,20.0,20.2
2017-07-13 00:00:00+00:00,20.6,20.0,20.2
2017-07-14 00:00:00+00:00,20.2,19.8,20.0
2017-07-15 00:00:00+00:00,20.5,19.9,20.1
2017-07-16 00:00:00+00:00,20.3,20.0,20.2
2017-07-17 00:00:00+00:00,20.8,20.2,20.4
2017-07-18 00:00:00+00:00,21.4,20.3,20.5
2017-07-19 00:00:00+00:00,21.4,20.2,20.5
2017-07-20 00:00:00+00:00,20.2,20.0,20.1
2017-07-21 00:00:00+00:00,20.2,20.0,20.0
2017-07-22 00:00:00+00:00,20.5,20.0,20.2
2017-07-23 00:00:00+00:00,20.6,20.2,20.4
2017-07-24 00:00:00+00:00,21.8,20.4,20.8
2017-07-25 00:00:00+00:00,22.2,20.8,21.1
2017-07-26 00:00:00+00:00,21.4,20.9,21.1
2017-07-27 00:00:00+00:00,21.2,20.9,21.0
2017-07-28 00:00:00+00:00,21.2,20.9,21.1
2017-07-29 00:00:00+00:00,21.6,21.0,21.2
2017-07-30 00:00:00+00:00,21.4,21.1,21.2
2017-07-31 00:00:00+00:00,21.5,21.2,21.3
2017-08-01 00:00:00+00:00,22.2,21.2,21.6
2017-08-02 00:00:00+00:00,22.3,21.7,21.9
2017-08-03 00:00:00+00:00,22.2,21.6,21.8
2017-08-04 00:00:00+00:00,22.1,21.5,21.7
2017-08-05 00:00:00+00:00,21.9,21.5,21.6
2017-08-06 00:00:00+00:00,21.9,21.6,21.7
2017-08-07 00:00:00+00:00,21.9,21.6,21.7
2017-08-08 00:00:00+00:00,21.8,21.6,21.7
2017-08-09 00:00:00+00:00,22.0,21.6,21.8
2017-08-10 00:00:00+00:00,22.4,21.6,22.0
2017-08-11 00:00:00+00:00,22.3,21.9,22.1
2017-08-12 00:00:00+00:00,22.3,21.9,22.0
2017-08-13 00:00:00+00:00,22.0,21.6,21.7
2017-08-14 00:00:00+00:00,21.7,21.4,21.5
2017-08-15 00:00:00+00:00,21.5,21.2,21.4
2017-08-16 00:00:00+00:00,21.4,21.0,21.1
2017-08-17 00:00:00+00:00,21.2,20.9,21.1
2017-08-18 00:00:00+00:00,21.2,21.0,21.0
2017-08-19 00:00:00+00:00,21.2,21.0,21.1
2017-08-20 00:00:00+00:00,21.9,21.1,21.4
2017-08-21 00:00:00+00:00,21.6,21.2,21.3
2017-08-22 00:00:00+00:00,21.6,21.2,21.3
2017-08-23 00:00:00+00:00,21.5,21.2,21.3
2017-08-24 00:00:00+00:00,21.4,21.1,21.2
2017-08-25 00:00:00+00:00,21.2,21.0,21.1
2017-08-26 00:00:00+00:00,22.0,21.1,21.4
2017-08-27 00:00:00+00:00,22.0,21.3,21.4
2017-08-28 00:00:00+00:00,21.7,21.3,21.5
2017-08-29 00:00:00+00:00,21.8,21.4,21.6
2017-08-30 00:00:00+00:00,21.9,21.4,21.6
2017-08-31 00:00:00+00:00,21.4,21.3,21.4
2017-09-01 00:00:00+00:00,21.7,21.3,21.5
2017-09-02 00:00:00+00:00,21.7,21.3,21.5
2017-09-03 00:00:00+00:00,21.6,21.4,21.4
2017-09-04 00:00:00+00:00,21.6,21.3,21.4
2017-09-05 00:00:00+00:00,21.4,21.1,21.2
2017-09-06 00:00:00+00:00,21.2,21.1,21.1
2017-09-07 00:00:00+00:00,21.2,21.0,21.1
2017-09-08 00:00:00+00:00,21.1,20.9,21.0
2017-09-09 00:00:00+00:00,21.0,20.7,20.8
2017-09-10 00:00:00+00:00,20.9,20.7,20.8
2017-09-11 00:00:00+00:00,20.8,20.7,20.7
2017-09-12 00:00:00+00:00,21.1,20.8,20.9
2017-09-13 00:00:00+00:00,21.1,20.8,20.9
2017-09-14 00:00:00+00:00,21.1,20.8,20.9
2018-03-22 00:00:00+00:00,6.2,6.0,6.1
2018-03-23 00:00:00+00:00,6.1,5.9,6.0
2018-03-24 00:00:00+00:00,6.0,5.8,5.9
2018-03-25 00:00:00+00:00,6.2,5.7,5.9
2018-03-26 00:00:00+00:00,6.1,5.9,6.0
2018-03-27 00:00:00+00:00,6.2,5.9,6.0
2018-03-28 00:00:00+00:00,6.4,6.0,6.1
2018-03-29 00:00:00+00:00,6.5,6.0,6.2
2018-03-30 00:00:00+00:00,6.7,6.4,6.6
2018-03-31 00:00:00+00:00,7.2,6.5,6.7
2018-04-01 00:00:00+00:00,6.9,6.6,6.8
2018-04-02 00:00:00+00:00,6.8,6.5,6.7
2018-04-03 00:00:00+00:00,6.7,6.5,6.6
2018-04-04 00:00:00+00:00,6.8,6.4,6.5
2018-04-05 00:00:00+00:00,6.7,6.4,6.6
2018-04-06 00:00:00+00:00,7.1,6.4,6.7
2018-04-07 00:00:00+00:00,7.2,6.8,7.0
2018-04-08 00:00:00+00:00,7.4,7.1,7.2
2018-04-09 00:00:00+00:00,7.5,7.0,7.2
2018-04-10 00:00:00+00:00,8.0,7.4,7.7
2018-04-11 00:00:00+00:00,8.2,7.9,8.0
2018-04-12 00:00:00+00:00,8.2,7.9,8.1
2018-04-13 00:00:00+00:00,8.2,8.0,8.1
2018-04-14 00:00:00+00:00,8.5,8.0,8.2
2018-04-15 00:00:00+00:00,8.5,8.2,8.4
2018-04-16 00:00:00+00:00,8.9,8.5,8.7
2018-04-17 00:00:00+00:00,8.8,8.5,8.6
2018-04-18 00:00:00+00:00,8.6,8.4,8.5
2018-04-19 00:00:00+00:00,9.1,8.3,8.7
2018-04-20 00:00:00+00:00,9.3,8.8,9.0
2018-04-21 00:00:00+00:00,9.4,9.0,9.2
2018-04-22 00:00:00+00:00,9.9,9.1,9.4
2018-04-23 00:00:00+00:00,10.0,9.3,9.6
2018-04-24 00:00:00+00:00,9.9,9.3,9.6
2018-04-25 00:00:00+00:00,10.4,9.6,9.9
2018-04-26 00:00:00+00:00,10.8,9.8,10.2
2018-04-27 00:00:00+00:00,10.7,10.1,10.4
2018-04-28 00:00:00+00:00,10.7,10.3,10.5
2018-04-29 00:00:00+00:00,11.0,10.5,10.7
2018-04-30 00:00:00+00:00,11.1,10.8,11.0
2018-05-01 00:00:00+00:00,11.5,11.0,11.1
2018-05-02 00:00:00+00:00,11.6,11.2,11.3
2018-05-03 00:00:00+00:00,11.5,11.0,11.3
2018-05-04 00:00:00+00:00,11.7,11.3,11.5
2018-05-05 00:00:00+00:00,11.8,11.4,11.6
2018-05-06 00:00:00+00:00,11.5,11.2,11.4
2018-05-07 00:00:00+00:00,11.8,11.2,11.4
2018-05-08 00:00:00+00:00,11.9,11.4,11.6
2018-05-09 00:00:00+00:00,11.8,11.4,11.6
2018-05-10 00:00:00+00:00,11.6,11.4,11.5
2018-05-11 00:00:00+00:00,12.3,11.5,11.8
2018-05-12 00:00:00+00:00,12.6,11.8,12.1
2018-05-13 00:00:00+00:00,12.6,11.8,12.1
2018-05-14 00:00:00+00:00,12.8,11.9,12.2
2018-05-15 00:00:00+00:00,13.1,12.1,12.4
2018-05-16 00:00:00+00:00,12.8,12.3,12.5
2018-05-17 00:00:00+00:00,12.9,12.4,12.6
2018-05-18 00:00:00+00:00,13.0,12.6,12.8
2018-05-19 00:00:00+00:00,13.2,12.7,12.9
2018-05-20 00:00:00+00:00,13.5,12.9,13.1
2018-05-21 00:00:00+00:00,13.6,13.0,13.3
2018-05-22 00:00:00+00:00,13.8,13.0,13.4
2018-05-23 00:00:00+00:00,14.2,13.2,13.6
2018-05-24 00:00:00+00:00,14.2,13.4,13.7
2018-05-25 00:00:00+00:00,14.2,13.7,13.9
2018-05-26 00:00:00+00:00,14.3,13.8,14.0
2018-05-27 00:00:00+00:00,14.5,13.7,14.1
2018-05-28 00:00:00+00:00,14.8,14.0,14.3
2018-05-29 00:00:00+00:00,14.9,14.3,14.6
2018-05-30 00:00:00+00:00,14.9,14.3,14.5
2018-05-31 00:00:00+00:00,14.5,14.1,14.3
2018-06-01 00:00:00+00:00,14.4,14.0,14.2
2018-06-02 00:00:00+00:00,14.6,13.8,14.2
2018-06-03 00:00:00+00:00,14.8,14.2,14.5
2018-06-04 00:00:00+00:00,15.1,14.5,14.7
2018-06-05 00:00:00+00:00,15.2,14.6,14.8
2018-06-06 00:00:00+00:00,15.1,14.7,14.9
2018-06-07 00:00:00+00:00,15.2,14.8,14.9
2018-06-08 00:00:00+00:00,15.2,14.9,15.0
2018-06-09 00:00:00+00:00,15.4,15.0,15.2
2018-06-10 00:00:00+00:00,15.2,14.9,15.0
2018-06-11 00:00:00+00:00,15.2,14.6,14.8
2018-06-12 00:00:00+00:00,15.5,14.9,15.2
2018-06-13 00:00:00+00:00,15.6,15.2,15.4
2018-06-14 00:00:00+00:00,15.8,15.4,15.5
2018-06-15 00:00:00+00:00,16.4,15.8,16.0
2018-06-16 00:00:00+00:00,16.5,16.0,16.3
2018-06-17 00:00:00+00:00,17.3,16.2,16.6
2018-06-18 00:00:00+00:00,16.8,16.4,16.5
2018-06-19 00:00:00+00:00,17.1,16.4,16.5
2018-06-20 00:00:00+00:00,17.4,16.6,16.7
2018-06-21 00:00:00+00:00,17.5,16.9,17.2
2018-06-22 00:00:00+00:00,17.7,17.4,17.6
2018-06-23 00:00:00+00:00,18.0,17.6,17.8
2018-06-24 00:00:00+00:00,19.0,17.8,18.1
2018-06-25 00:00:00+00:00,19.0,17.9,18.1
2018-06-26 00:00:00+00:00,18.4,18.0,18.2
2018-06-27 00:00:00+00:00,18.6,18.0,18.2
2018-06-28 00:00:00+00:00,18.6,18.1,18.3
2018-06-29 00:00:00+00:00,18.4,18.0,18.2
2018-06-30 00:00:00+00:00,18.6,17.9,18.1
2018-07-01 00:00:00+00:00,18.2,17.9,18.1
2018-07-02 00:00:00+00:00,18.1,17.9,18.0
2018-07-03 00:00:00+00:00,18.0,17.8,17.9
2018-07-04 00:00:00+00:00,18.5,17.8,18.1
2018-07-05 00:00:00+00:00,18.0,17.7,17.8
2018-07-06 00:00:00+00:00,18.4,17.8,18.1
2018-07-07 00:00:00+00:00,18.3,17.8,18.0
2018-07-08 00:00:00+00:00,19.1,18.3,18.7
2018-07-09 00:00:00+00:00,19.2,18.8,19.1
2018-07-10 00:00:00+00:00,19.2,18.8,19.0
2018-07-11 00:00:00+00:00,19.6,19.1,19.3
2018-07-12 00:00:00+00:00,19.9,19.4,19.6
2018-07-13 00:00:00+00:00,19.9,19.5,19.7
2018-07-14 00:00:00+00:00,20.2,19.6,19.9
2018-07-15 00:00:00+00:00,20.9,19.9,20.4
2018-07-16 00:00:00+00:00,20.8,20.2,20.4
2018-07-17 00:00:00+00:00,20.7,20.2,20.4
2018-07-18 00:00:00+00:00,20.6,20.3,20.5
2018-07-19 00:00:00+00:00,20.8,20.4,20.6
2018-07-20 00:00:00+00:00,20.7,20.5,20.5
2018-07-21 00:00:00+00:00,20.9,20.5,20.6
2018-07-22 00:00:00+00:00,21.1,20.4,20.6
2018-07-23 00:00:00+00:00,21.0,20.6,20.7
2018-07-24 00:00:00+00:00,20.9,20.6,20.7
2018-07-25 00:00:00+00:00,21.2,20.7,20.9
2018-07-26 00:00:00+00:00,21.8,20.8,21.1
2018-07-27 00:00:00+00:00,21.2,20.9,21.1
2018-07-28 00:00:00+00:00,21.8,21.1,21.4
2018-07-29 00:00:00+00:00,22.7,21.3,21.6
2018-07-30 00:00:00+00:00,22.7,21.6,21.9
2018-07-31 00:00:00+00:00,21.9,21.7,21.8
2018-08-01 00:00:00+00:00,21.8,21.5,21.6
2018-08-02 00:00:00+00:00,21.7,21.4,21.5
2018-08-03 00:00:00+00:00,21.6,21.2,21.4
2018-08-04 00:00:00+00:00,21.4,21.2,21.3
2018-08-05 00:00:00+00:00,21.7,21.2,21.3
2018-08-06 00:00:00+00:00,21.7,21.3,21.5
2018-08-07 00:00:00+00:00,21.8,21.4,21.6
2018-08-08 00:00:00+00:00,22.4,21.5,21.7
2018-08-09 00:00:00+00:00,22.0,21.5,21.7
2018-08-10 00:00:00+00:00,22.4,21.8,22.0
2018-08-11 00:00:00+00:00,22.0,21.8,21.9
2018-08-12 00:00:00+00:00,22.0,21.8,21.9
2018-08-13 00:00:00+00:00,22.2,21.8,21.9
2018-08-14 00:00:00+00:00,22.2,21.7,21.8
2018-08-15 00:00:00+00:00,22.1,21.7,21.9
2018-08-16 00:00:00+00:00,21.9,21.6,21.8
2018-08-17 00:00:00+00:00,21.6,21.3,21.5
2018-08-18 00:00:00+00:00,21.5,21.3,21.4
2018-08-19 00:00:00+00:00,21.7,21.1,21.3
2018-08-20 00:00:00+00:00,21.7,21.3,21.3
2018-08-21 00:00:00+00:00,21.7,21.2,21.3
2018-08-22 00:00:00+00:00,21.6,21.0,21.3
2018-08-23 00:00:00+00:00,21.2,20.5,20.8
2018-08-24 00:00:00+00:00,20.6,20.5,20.6
2018-08-25 00:00:00+00:00,20.7,20.5,20.6
2018-08-26 00:00:00+00:00,20.6,20.2,20.4
2018-08-27 00:00:00+00:00,20.2,19.9,20.0
2018-08-28 00:00:00+00:00,20.1,19.8,19.9
2018-08-29 00:00:00+00:00,19.8,19.6,19.7
2018-08-30 00:00:00+00:00,19.8,19.6,19.7
2018-08-31 00:00:00+00:00,19.8,19.6,19.7
2018-09-01 00:00:00+00:00,20.0,19.7,19.8
2018-09-02 00:00:00+00:00,20.1,19.8,19.9
2018-09-03 00:00:00+00:00,20.2,19.9,20.1
2018-09-04 00:00:00+00:00,20.8,20.1,20.3
2019-03-27 00:00:00+00:00,6.8,6.2,6.4
2019-03-28 00:00:00+00:00,7.0,6.1,6.3
2019-03-29 00:00:00+00:00,6.8,6.6,6.7
2019-03-30 00:00:00+00:00,7.0,6.5,6.6
2019-03-31 00:00:00+00:00,7.6,6.7,7.0
2019-04-01 00:00:00+00:00,7.7,7.1,7.4
2019-04-02 00:00:00+00:00,7.8,7.4,7.6
2019-04-03 00:00:00+00:00,7.9,7.6,7.8
2019-04-04 00:00:00+00:00,8.2,7.8,8.0
2019-04-05 00:00:00+00:00,8.7,8.1,8.4
2019-04-06 00:00:00+00:00,8.7,8.4,8.6
2019-04-07 00:00:00+00:00,8.6,8.4,8.5
2019-04-08 00:00:00+00:00,8.7,8.3,8.5
2019-04-09 00:00:00+00:00,8.6,8.4,8.5
2019-04-10 00:00:00+00:00,8.7,8.3,8.4
2019-04-11 00:00:00+00:00,9.2,8.6,8.8
2019-04-12 00:00:00+00:00,9.7,9.1,9.2
2019-04-13 00:00:00+00:00,9.7,9.2,9.5
2019-04-14 00:00:00+00:00,9.2,8.9,9.1
2019-04-15 00:00:00+00:00,10.1,8.6,8.9
2019-04-16 00:00:00+00:00,8.7,8.5,8.6
2019-04-17 00:00:00+00:00,8.8,8.5,8.7
2019-04-18 00:00:00+00:00,9.4,8.7,8.9
2019-04-19 00:00:00+00:00,9.6,9.0,9.3
2019-04-20 00:00:00+00:00,9.9,9.6,9.8
2019-04-21 00:00:00+00:00,10.4,9.8,10.1
2019-04-22 00:00:00+00:00,10.8,10.4,10.5
2019-04-23 00:00:00+00:00,11.1,10.6,10.9
2019-04-24 00:00:00+00:00,11.4,10.8,11.0
2019-04-25 00:00:00+00:00,11.4,10.7,11.0
2019-04-26 00:00:00+00:00,11.2,10.7,10.9
2019-04-27 00:00:00+00:00,11.2,10.7,10.8
2019-04-28 00:00:00+00:00,11.0,10.2,10.6
2019-04-29 00:00:00+00:00,10.7,10.1,10.4
2019-04-30 00:00:00+00:00,10.7,10.2,10.4
2019-05-01 00:00:00+00:00,10.6,10.0,10.2
2019-05-02 00:00:00+00:00,10.6,10.0,10.2
2019-05-03 00:00:00+00:00,10.6,10.0,10.3
2019-05-04 00:00:00+00:00,10.8,10.3,10.5
2019-05-05 00:00:00+00:00,11.1,10.5,10.8
2019-05-06 00:00:00+00:00,11.5,10.9,11.1
2019-05-07 00:00:00+00:00,11.8,11.1,11.4
2019-05-08 00:00:00+00:00,12.1,11.4,11.6
2019-05-09 00:00:00+00:00,12.1,11.6,11.8
2019-05-10 00:00:00+00:00,12.2,11.9,12.0
2019-05-11 00:00:00+00:00,12.7,11.9,12.2
2019-05-12 00:00:00+00:00,12.9,12.1,12.4
2019-05-13 00:00:00+00:00,13.4,12.6,12.8
2019-05-14 00:00:00+00:00,13.6,13.1,13.3
2019-05-15 00:00:00+00:00,13.4,13.0,13.1
2019-05-16 00:00:00+00:00,13.0,12.6,12.8
2019-05-17 00:00:00+00:00,12.8,12.4,12.5
2019-05-18 00:00:00+00:00,12.6,12.2,12.4
2019-05-19 00:00:00+00:00,12.8,12.4,12.6
2019-05-20 00:00:00+00:00,13.2,12.7,12.9
2019-05-21 00:00:00+00:00,13.0,12.5,12.8
2019-05-22 00:00:00+00:00,12.8,12.4,12.5
2019-05-23 00:00:00+00:00,12.8,12.2,12.5
2019-05-24 00:00:00+00:00,12.9,12.6,12.7
2019-05-25 00:00:00+00:00,12.9,12.6,12.8
2019-05-26 00:00:00+00:00,13.0,12.6,12.8
2019-05-27 00:00:00+00:00,13.7,12.8,13.2
2019-05-28 00:00:00+00:00,13.7,13.2,13.4
2019-05-29 00:00:00+00:00,14.3,13.5,13.8
2019-05-30 00:00:00+00:00,14.6,13.9,14.2
2019-05-31 00:00:00+00:00,14.9,14.1,14.4
2019-06-01 00:00:00+00:00,15.0,14.3,14.6
2019-06-02 00:00:00+00:00,15.0,14.6,14.7
2019-06-03 00:00:00+00:00,15.4,14.8,15.0
2019-06-04 00:00:00+00:00,15.6,15.0,15.3
2019-06-05 00:00:00+00:00,15.9,15.4,15.6
2019-06-06 00:00:00+00:00,15.9,15.5,15.7
2019-06-07 00:00:00+00:00,15.8,15.2,15.4
2019-06-08 00:00:00+00:00,15.3,14.9,15.1
2019-06-09 00:00:00+00:00,16.1,14.8,15.2
2019-06-10 00:00:00+00:00,16.0,15.4,15.6
2019-06-11 00:00:00+00:00,16.8,15.8,16.2
2019-06-12 00:00:00+00:00,16.8,16.1,16.3
2019-06-13 00:00:00+00:00,16.9,16.3,16.5
2019-06-14 00:00:00+00:00,16.9,16.5,16.7
2019-06-15 00:00:00+00:00,17.0,16.6,16.8
2019-06-16 00:00:00+00:00,17.3,16.6,16.9
2019-06-17 00:00:00+00:00,17.3,16.7,17.0
2019-06-18 00:00:00+00:00,17.3,16.8,17.1
2019-06-19 00:00:00+00:00,17.6,17.1,17.3
2019-06-20 00:00:00+00:00,17.5,17.2,17.3
2019-06-21 00:00:00+00:00,17.7,17.1,17.3
2019-06-22 00:00:00+00:00,17.4,16.7,17.0
2019-06-23 00:00:00+00:00,16.9,16.7,16.8
2019-06-24 00:00:00+00:00,17.2,16.8,16.9
2019-06-25 00:00:00+00:00,17.8,17.2,17.5
2019-06-26 00:00:00+00:00,17.9,17.5,17.7
2019-06-27 00:00:00+00:00,18.0,17.8,17.9
2019-06-28 00:00:00+00:00,17.9,17.7,17.8
2019-06-29 00:00:00+00:00,17.9,17.6,17.7
2019-06-30 00:00:00+00:00,17.9,17.6,17.7
2019-07-01 00:00:00+00:00,18.6,17.6,18.0
2019-07-02 00:00:00+00:00,18.4,18.0,18.1
2019-07-03 00:00:00+00:00,18.5,18.4,18.4
2019-07-04 00:00:00+00:00,18.6,18.3,18.4
2019-07-05 00:00:00+00:00,18.5,18.3,18.4
2019-07-06 00:00:00+00:00,18.6,18.4,18.5
2019-07-07 00:00:00+00:00,18.9,18.6,18.8
2019-07-08 00:00:00+00:00,18.9,18.7,18.8
2019-07-09 00:00:00+00:00,19.2,18.7,18.9
2019-07-10 00:00:00+00:00,19.6,18.9,19.1
2019-07-11 00:00:00+00:00,19.2,19.0,19.1
2019-07-12 00:00:00+00:00,19.5,19.2,19.3
2019-07-13 00:00:00+00:00,19.6,19.3,19.5
2019-07-14 00:00:00+00:00,20.1,19.6,19.8
2019-07-15 00:00:00+00:00,20.3,20.0,20.1
2019-07-16 00:00:00+00:00,20.3,20.0,20.1
2019-07-17 00:00:00+00:00,20.4,20.1,20.2
2019-07-18 00:00:00+00:00,20.5,20.3,20.4
2019-07-19 00:00:00+00:00,20.4,20.1,20.2
2019-07-20 00:00:00+00:00,20.5,19.9,20.2
2019-07-21 00:00:00+00:00,20.6,19.9,20.2
2019-07-22 00:00:00+00:00,20.4,20.1,20.2
2019-07-23 00:00:00+00:00,20.2,20.0,20.1
2019-07-24 00:00:00+00:00,20.3,20.0,20.2
2019-07-25 00:00:00+00:00,21.0,20.3,20.6
2019-07-26 00:00:00+00:00,21.0,20.7,20.8
2019-07-27 00:00:00+00:00,20.9,20.7,20.7
2019-07-28 00:00:00+00:00,21.1,20.7,20.9
2019-07-29 00:00:00+00:00,21.1,20.6,20.8
2019-07-30 00:00:00+00:00,20.9,20.6,20.7
2019-07-31 00:00:00+00:00,21.3,20.7,21.0
2019-08-01 00:00:00+00:00,21.3,21.0,21.1
2019-08-02 00:00:00+00:00,21.6,20.8,21.1
2019-08-03 00:00:00+00:00,22.4,20.8,21.1
2019-08-04 00:00:00+00:00,21.8,21.0,21.3
2019-08-05 00:00:00+00:00,21.6,21.1,21.3
2019-08-06 00:00:00+00:00,21.9,21.3,21.6
2019-08-07 00:00:00+00:00,22.0,21.4,21.7
2019-08-08 00:00:00+00:00,21.9,21.6,21.7
2019-08-09 00:00:00+00:00,21.8,21.6,21.6
2019-08-10 00:00:00+00:00,21.8,21.6,21.7
2019-08-11 00:00:00+00:00,21.6,21.4,21.5
2019-08-12 00:00:00+00:00,21.4,21.1,21.3
2019-08-13 00:00:00+00:00,21.5,21.1,21.3
2019-08-14 00:00:00+00:00,21.8,21.4,21.6
2019-08-15 00:00:00+00:00,21.8,21.4,21.5
2019-08-16 00:00:00+00:00,21.6,21.4,21.5
2019-08-17 00:00:00+00:00,21.7,21.5,21.6
2019-08-18 00:00:00+00:00,21.8,21.6,21.7
2019-08-19 00:00:00+00:00,21.7,21.4,21.6
2019-08-20 00:00:00+00:00,21.5,21.3,21.4
2019-08-21 00:00:00+00:00,21.8,21.2,21.4
2019-08-22 00:00:00+00:00,21.8,21.5,21.6
2019-08-23 00:00:00+00:00,21.6,21.3,21.5
2019-08-24 00:00:00+00:00,21.5,21.1,21.3
2019-08-25 00:00:00+00:00,21.3,21.1,21.2
2019-08-26 00:00:00+00:00,21.4,21.2,21.3
2019-08-27 00:00:00+00:00,21.9,21.3,21.6
2019-08-28 00:00:00+00:00,21.6,21.3,21.4
2019-08-29 00:00:00+00:00,21.6,21.3,21.4
2019-08-30 00:00:00+00:00,21.5,21.2,21.3
2019-08-31 00:00:00+00:00,21.4,21.2,21.3
2019-09-01 00:00:00+00:00,21.5,21.2,21.3
2019-09-02 00:00:00+00:00,21.3,21.2,21.3
2019-09-03 00:00:00+00:00,21.6,21.3,21.4
2019-09-04 00:00:00+00:00,21.8,21.4,21.5
2019-09-05 00:00:00+00:00,22.2,21.4,21.7
2019-09-06 00:00:00+00:00,22.0,21.7,21.8
2019-09-07 00:00:00+00:00,22.1,21.5,21.8
2019-09-08 00:00:00+00:00,21.8,21.4,21.5
2019-09-09 00:00:00+00:00,21.4,21.3,21.3
2019-09-10 00:00:00+00:00,21.3,21.2,21.3
2020-03-27 00:00:00+00:00,6.8,6.6,6.7
2020-03-28 00:00:00+00:00,6.8,6.6,6.7
2020-03-29 00:00:00+00:00,6.9,6.7,6.8
2020-03-30 00:00:00+00:00,7.2,6.8,7.0
2020-03-31 00:00:00+00:00,7.3,7.0,7.2
2020-04-01 00:00:00+00:00,7.5,7.2,7.3
2020-04-02 00:00:00+00:00,7.5,7.4,7.4
2020-04-03 00:00:00+00:00,7.5,7.4,7.4
2020-04-04 00:00:00+00:00,7.8,7.4,7.5
2020-04-05 00:00:00+00:00,8.0,7.4,7.6
2020-04-06 00:00:00+00:00,7.8,7.6,7.7
2020-04-07 00:00:00+00:00,8.3,7.7,7.9
2020-04-08 00:00:00+00:00,9.4,8.0,8.5
2020-04-09 00:00:00+00:00,9.2,8.4,8.7
2020-04-10 00:00:00+00:00,9.4,8.7,8.9
2020-04-11 00:00:00+00:00,9.2,8.8,9.0
2020-04-12 00:00:00+00:00,9.8,8.9,9.3
2020-04-13 00:00:00+00:00,9.9,9.4,9.6
2020-04-14 00:00:00+00:00,10.5,9.6,9.9
2020-04-15 00:00:00+00:00,9.8,9.6,9.8
2020-04-16 00:00:00+00:00,10.7,9.6,10.0
2020-04-17 00:00:00+00:00,10.3,9.8,10.0
2020-04-18 00:00:00+00:00,10.7,10.0,10.2
2020-04-19 00:00:00+00:00,10.2,9.9,10.1
2020-04-20 00:00:00+00:00,10.3,10.1,10.2
2020-04-21 00:00:00+00:00,10.6,10.2,10.3
2020-04-22 00:00:00+00:00,10.8,10.6,10.7
2020-04-23 00:00:00+00:00,11.1,10.7,10.8
2020-04-24 00:00:00+00:00,11.1,10.8,11.0
2020-04-25 00:00:00+00:00,11.4,11.0,11.1
2020-04-26 00:00:00+00:00,11.2,11.0,11.1
2020-04-27 00:00:00+00:00,11.5,11.1,11.3
2020-04-28 00:00:00+00:00,11.7,11.1,11.3
2020-04-29 00:00:00+00:00,11.9,11.5,11.7
2020-04-30 00:00:00+00:00,11.7,11.3,11.4
2020-05-01 00:00:00+00:00,11.6,11.1,11.3
2020-05-02 00:00:00+00:00,12.0,11.4,11.7
2020-05-03 00:00:00+00:00,12.0,11.7,11.9
2020-05-04 00:00:00+00:00,12.0,11.5,11.7
2020-05-05 00:00:00+00:00,12.1,11.4,11.7
2020-05-06 00:00:00+00:00,11.9,11.5,11.7
2020-05-07 00:00:00+00:00,13.1,11.3,11.7
2020-05-08 00:00:00+00:00,11.8,11.3,11.6
2020-05-09 00:00:00+00:00,12.1,11.4,11.7
2020-05-10 00:00:00+00:00,12.4,11.6,11.9
2020-05-11 00:00:00+00:00,12.1,11.6,11.8
2020-05-12 00:00:00+00:00,12.0,11.6,11.8
2020-05-13 00:00:00+00:00,11.9,11.6,11.8
2020-05-14 00:00:00+00:00,12.2,11.7,11.9
2020-05-15 00:00:00+00:00,12.4,12.0,12.1
2020-05-16 00:00:00+00:00,12.3,12.0,12.1
2020-05-17 00:00:00+00:00,12.5,12.2,12.3
2020-05-18 00:00:00+00:00,12.6,12.3,12.4
2020-05-19 00:00:00+00:00,12.5,12.2,12.3
2020-05-20 00:00:00+00:00,12.5,12.2,12.4
2020-05-21 00:00:00+00:00,12.2,11.9,12.1
2020-05-22 00:00:00+00:00,12.3,11.8,12.0
2020-05-23 00:00:00+00:00,12.3,11.8,12.0
2020-05-24 00:00:00+00:00,12.7,11.9,12.2
2020-05-25 00:00:00+00:00,12.8,12.5,12.6
2020-05-26 00:00:00+00:00,12.9,12.7,12.7
2020-05-27 00:00:00+00:00,13.7,12.8,13.2
2020-05-28 00:00:00+00:00,13.6,13.1,13.3
2020-05-29 00:00:00+00:00,14.0,13.3,13.5
2020-05-30 00:00:00+00:00,13.7,13.4,13.5
2020-05-31 00:00:00+00:00,13.6,13.4,13.6
2020-06-01 00:00:00+00:00,14.1,13.4,13.6
2020-06-02 00:00:00+00:00,14.2,13.6,13.9
2020-06-03 00:00:00+00:00,14.7,14.0,14.2
2020-06-04 00:00:00+00:00,14.7,14.0,14.3
2020-06-05 00:00:00+00:00,14.4,14.2,14.3
2020-06-06 00:00:00+00:00,14.4,14.1,14.2
2020-06-07 00:00:00+00:00,14.2,13.8,14.0
2020-06-08 00:00:00+00:00,13.8,13.6,13.7
2020-06-09 00:00:00+00:00,14.0,13.7,13.8
2020-06-10 00:00:00+00:00,14.3,13.8,13.9
2020-06-11 00:00:00+00:00,14.7,14.0,14.3
2020-06-12 00:00:00+00:00,15.0,14.5,14.7
2020-06-13 00:00:00+00:00,15.0,14.6,14.8
2020-06-14 00:00:00+00:00,14.8,14.6,14.7
2020-06-15 00:00:00+00:00,14.7,14.4,14.6
2020-06-16 00:00:00+00:00,14.7,14.5,14.6
2020-06-17 00:00:00+00:00,14.7,14.2,14.4
2020-06-18 00:00:00+00:00,15.2,14.4,14.7
2020-06-19 00:00:00+00:00,15.6,14.8,15.1
2020-06-20 00:00:00+00:00,15.6,15.3,15.4
2020-06-21 00:00:00+00:00,15.6,15.4,15.4
2020-06-22 00:00:00+00:00,16.6,15.6,15.8
2020-06-23 00:00:00+00:00,16.7,16.0,16.3
2020-06-24 00:00:00+00:00,16.8,16.4,16.5
2020-06-25 00:00:00+00:00,17.1,16.4,16.7
2020-06-26 00:00:00+00:00,17.0,16.7,16.8
2020-06-27 00:00:00+00:00,17.2,16.9,17.0
2020-06-28 00:00:00+00:00,17.1,16.8,16.9
2020-06-29 00:00:00+00:00,16.8,16.4,16.6
2020-06-30 00:00:00+00:00,16.6,16.3,16.5
2020-07-01 00:00:00+00:00,16.5,16.3,16.4
2020-07-02 00:00:00+00:00,16.6,16.2,16.3
2020-07-03 00:00:00+00:00,16.6,16.2,16.4
2020-07-04 00:00:00+00:00,16.9,16.5,16.7
2020-07-05 00:00:00+00:00,16.9,16.6,16.8
2020-07-06 00:00:00+00:00,17.0,16.8,16.9
2020-07-07 00:00:00+00:00,17.1,17.0,17.0
2020-07-08 00:00:00+00:00,17.5,17.1,17.2
2020-07-09 00:00:00+00:00,18.0,17.4,17.6
2020-07-10 00:00:00+00:00,17.9,17.6,17.8
2020-07-11 00:00:00+00:00,18.3,17.7,17.9
2020-07-12 00:00:00+00:00,18.1,17.9,18.0
2020-07-13 00:00:00+00:00,18.5,18.0,18.1
2020-07-14 00:00:00+00:00,18.5,18.0,18.1
2020-07-15 00:00:00+00:00,18.4,18.0,18.1
2020-07-16 00:00:00+00:00,18.6,18.1,18.3
2020-07-17 00:00:00+00:00,18.6,18.3,18.5
2020-07-18 00:00:00+00:00,18.9,18.5,18.8
2020-07-19 00:00:00+00:00,19.5,18.8,19.0
2020-07-20 00:00:00+00:00,20.1,18.9,19.4
2020-07-21 00:00:00+00:00,19.9,19.7,19.8
2020-07-22 00:00:00+00:00,20.0,19.7,19.9
2020-07-23 00:00:00+00:00,20.1,19.8,20.0
2020-07-24 00:00:00+00:00,20.0,19.8,19.9
2020-07-25 00:00:00+00:00,20.1,19.9,20.0
2020-07-26 00:00:00+00:00,21.0,19.9,20.1
2020-07-27 00:00:00+00:00,20.4,20.0,20.2
2020-07-28 00:00:00+00:00,20.6,20.2,20.3
2020-07-29 00:00:00+00:00,20.8,20.3,20.4
2020-07-30 00:00:00+00:00,21.6,20.6,20.8
2020-07-31 00:00:00+00:00,20.9,20.7,20.7
2020-08-01 00:00:00+00:00,21.1,20.9,21.0
2020-08-02 00:00:00+00:00,21.0,20.7,20.9
2020-08-03 00:00:00+00:00,20.8,20.6,20.7
2020-08-04 00:00:00+00:00,21.0,20.5,20.7
2020-08-05 00:00:00+00:00,21.0,20.7,20.9
2020-08-06 00:00:00+00:00,21.0,20.8,20.9
2020-08-07 00:00:00+00:00,20.9,20.5,20.6
2020-08-08 00:00:00+00:00,20.8,20.3,20.5
2020-08-09 00:00:00+00:00,20.4,20.2,20.3
2020-08-10 00:00:00+00:00,20.7,20.2,20.3
2020-08-11 00:00:00+00:00,20.5,20.2,20.3
2020-08-12 00:00:00+00:00,20.4,20.1,20.2
2020-08-13 00:00:00+00:00,20.1,19.9,20.0
2020-08-14 00:00:00+00:00,20.1,19.9,20.0
2020-08-15 00:00:00+00:00,20.9,20.0,20.2
2020-08-16 00:00:00+00:00,20.9,20.0,20.3
2020-08-17 00:00:00+00:00,20.4,20.1,20.2
2020-08-18 00:00:00+00:00,20.6,20.1,20.4
2020-08-19 00:00:00+00:00,21.0,20.5,20.7
2020-08-20 00:00:00+00:00,21.3,20.8,21.0
2020-08-21 00:00:00+00:00,21.3,20.9,21.1
2020-08-22 00:00:00+00:00,21.3,20.8,20.9
2020-08-23 00:00:00+00:00,21.4,21.0,21.0
2020-08-24 00:00:00+00:00,21.4,20.8,20.9
2020-08-25 00:00:00+00:00,20.9,20.7,20.8
2020-08-26 00:00:00+00:00,20.9,20.6,20.7
2020-08-27 00:00:00+00:00,21.0,20.5,20.8
2020-08-28 00:00:00+00:00,21.2,20.8,21.0
2020-08-29 00:00:00+00:00,21.2,20.8,21.0
2020-08-30 00:00:00+00:00,20.8,20.7,20.7
2020-08-31 00:00:00+00:00,20.8,20.6,20.6
2020-09-01 00:00:00+00:00,20.8,20.5,20.6
2020-09-02 00:00:00+00:00,20.7,20.4,20.5
2020-09-03 00:00:00+00:00,20.8,20.4,20.5
2020-09-04 00:00:00+00:00,21.4,20.5,20.9
2020-09-05 00:00:00+00:00,21.1,20.7,20.9
2020-09-06 00:00:00+00:00,21.1,20.7,20.9
2020-09-07 00:00:00+00:00,21.2,20.7,20.9
2020-09-08 00:00:00+00:00,20.7,20.4,20.5
2020-09-09 00:00:00+00:00,20.6,20.1,20.3
2021-06-15 00:00:00+00:00,16.2,15.8,16.1
2021-06-16 00:00:00+00:00,16.4,16.2,16.3
2021-06-17 00:00:00+00:00,16.6,16.1,16.3
2021-06-18 00:00:00+00:00,16.9,16.1,16.5
2021-06-19 00:00:00+00:00,17.1,16.6,16.9
2021-06-20 00:00:00+00:00,17.4,17.0,17.2
2021-06-21 00:00:00+00:00,18.6,17.2,17.4
2021-06-22 00:00:00+00:00,17.8,17.4,17.6
2021-06-23 00:00:00+00:00,17.8,17.5,17.7
2021-06-24 00:00:00+00:00,18.2,17.7,18.0
2021-06-25 00:00:00+00:00,18.8,17.9,18.3
2021-06-26 00:00:00+00:00,20.0,18.5,18.9
2021-06-27 00:00:00+00:00,20.3,19.0,19.3
2021-06-28 00:00:00+00:00,20.2,19.1,19.3
2021-06-29 00:00:00+00:00,20.8,19.6,20.0
2021-06-30 00:00:00+00:00,20.3,19.8,19.9
2021-07-01 00:00:00+00:00,19.9,19.7,19.8
2021-07-02 00:00:00+00:00,19.9,19.7,19.8
2021-07-03 00:00:00+00:00,20.3,19.5,19.7
2021-07-04 00:00:00+00:00,20.2,19.6,19.9
2021-07-05 00:00:00+00:00,20.4,19.9,20.1
2021-07-06 00:00:00+00:00,20.7,20.2,20.5
2021-07-07 00:00:00+00:00,20.8,20.3,20.5
2021-07-08 00:00:00+00:00,20.8,20.6,20.7
2021-07-09 00:00:00+00:00,20.8,20.6,20.7
2021-07-10 00:00:00+00:00,20.8,20.7,20.8
2021-07-11 00:00:00+00:00,21.0,20.7,20.8
2021-07-12 00:00:00+00:00,21.2,20.8,21.0
2021-07-13 00:00:00+00:00,21.6,21.1,21.3
2021-07-14 00:00:00+00:00,21.6,21.4,21.5
2021-07-15 00:00:00+00:00,21.6,21.2,21.4
2021-07-16 00:00:00+00:00,21.3,21.1,21.2
2021-07-17 00:00:00+00:00,21.2,20.8,21.0
2021-07-18 00:00:00+00:00,21.0,20.6,20.8
2021-07-19 00:00:00+00:00,20.9,20.7,20.8
2021-07-20 00:00:00+00:00,20.8,20.7,20.7
2021-07-21 00:00:00+00:00,20.8,20.7,20.8
2021-07-22 00:00:00+00:00,20.9,20.7,20.8
2021-07-23 00:00:00+00:00,21.3,20.8,20.9
2021-07-24 00:00:00+00:00,21.2,20.8,20.9
2021-07-25 00:00:00+00:00,21.2,20.8,21.0
2021-07-26 00:00:00+00:00,21.2,20.9,21.0
2021-07-27 00:00:00+00:00,21.4,21.0,21.2
2021-07-28 00:00:00+00:00,21.5,21.3,21.4
2021-07-29 00:00:00+00:00,21.6,21.4,21.4
2021-07-30 00:00:00+00:00,21.8,21.3,21.5
2021-07-31 00:00:00+00:00,21.8,21.4,21.6
2021-08-01 00:00:00+00:00,22.7,21.5,21.8
2021-08-02 00:00:00+00:00,22.8,21.9,22.3
2021-08-03 00:00:00+00:00,22.3,21.9,22.1
2021-08-04 00:00:00+00:00,22.3,22.0,22.2
2021-08-05 00:00:00+00:00,22.3,22.0,22.1
2021-08-06 00:00:00+00:00,22.1,22.0,22.0
2021-08-07 00:00:00+00:00,22.2,22.1,22.1
2021-08-08 00:00:00+00:00,22.2,21.9,22.1
2021-08-09 00:00:00+00:00,21.9,21.7,21.8
2021-08-10 00:00:00+00:00,21.9,21.6,21.8
2021-08-11 00:00:00+00:00,21.9,21.6,21.7
2021-08-12 00:00:00+00:00,21.9,21.5,21.7
2021-08-13 00:00:00+00:00,22.2,21.6,21.9
2021-08-14 00:00:00+00:00,22.3,21.9,22.1
2021-08-15 00:00:00+00:00,22.2,21.9,22.0
2021-08-16 00:00:00+00:00,22.1,21.7,21.8
2021-08-17 00:00:00+00:00,21.9,21.7,21.8
2021-08-18 00:00:00+00:00,22.1,21.7,21.8
2021-08-19 00:00:00+00:00,22.4,21.9,22.0
2021-08-20 00:00:00+00:00,21.9,21.5,21.7
2021-08-21 00:00:00+00:00,21.5,21.1,21.3
2021-08-22 00:00:00+00:00,21.1,20.9,21.0
2021-08-23 00:00:00+00:00,20.9,20.6,20.7
2021-08-24 00:00:00+00:00,20.8,20.5,20.6
2021-08-25 00:00:00+00:00,21.0,20.5,20.6
2021-08-26 00:00:00+00:00,20.8,20.6,20.7
2021-08-27 00:00:00+00:00,20.7,20.6,20.7
2021-08-28 00:00:00+00:00,21.1,20.7,20.7
2021-08-29 00:00:00+00:00,21.2,20.8,20.9
2021-08-30 00:00:00+00:00,21.2,20.7,20.9
2021-08-31 00:00:00+00:00,20.8,20.5,20.6
2022-03-22 00:00:00+00:00,6.1,5.6,5.7
2022-03-23 00:00:00+00:00,6.2,5.9,6.0
2022-03-24 00:00:00+00:00,6.7,6.1,6.3
2022-03-25 00:00:00+00:00,6.8,6.2,6.4
2022-03-26 00:00:00+00:00,7.2,6.6,6.8
2022-03-27 00:00:00+00:00,7.2,6.9,7.0
2022-03-28 00:00:00+00:00,7.6,6.9,7.1
2022-03-29 00:00:00+00:00,7.5,7.2,7.3
2022-03-30 00:00:00+00:00,7.6,7.4,7.5
2022-03-31 00:00:00+00:00,7.6,7.4,7.5
2022-04-01 00:00:00+00:00,8.2,7.6,7.7
2022-04-02 00:00:00+00:00,8.0,7.7,7.8
2022-04-03 00:00:00+00:00,7.9,7.6,7.7
2022-04-04 00:00:00+00:00,8.1,7.9,8.0
2022-04-05 00:00:00+00:00,8.2,8.0,8.1
2022-04-06 00:00:00+00:00,8.9,8.0,8.3
2022-04-07 00:00:00+00:00,8.8,8.3,8.5
2022-04-08 00:00:00+00:00,8.6,8.2,8.3
2022-04-09 00:00:00+00:00,8.4,8.2,8.3
2022-04-10 00:00:00+00:00,8.2,8.1,8.2
2022-04-11 00:00:00+00:00,8.2,8.0,8.1
2022-04-12 00:00:00+00:00,8.3,8.0,8.1
2022-04-13 00:00:00+00:00,8.1,7.9,8.0
2022-04-14 00:00:00+00:00,8.0,7.3,7.6
2022-04-15 00:00:00+00:00,7.9,7.2,7.4
2022-04-16 00:00:00+00:00,7.8,7.3,7.4
2022-04-17 00:00:00+00:00,7.5,7.2,7.3
2022-04-18 00:00:00+00:00,7.7,7.4,7.5
2022-04-19 00:00:00+00:00,7.6,7.5,7.5
2022-04-20 00:00:00+00:00,8.0,7.6,7.8
2022-04-21 00:00:00+00:00,8.2,7.8,7.9
2022-04-22 00:00:00+00:00,8.4,8.1,8.2
2022-04-23 00:00:00+00:00,8.4,8.2,8.3
2022-04-24 00:00:00+00:00,9.0,8.2,8.6
2022-04-25 00:00:00+00:00,9.8,8.6,9.2
2022-04-26 00:00:00+00:00,9.5,9.0,9.3
2022-04-27 00:00:00+00:00,9.7,9.5,9.6
2022-04-28 00:00:00+00:00,9.8,9.5,9.6
2022-04-29 00:00:00+00:00,10.2,9.5,9.7
2022-04-30 00:00:00+00:00,10.2,9.9,10.1
2022-05-01 00:00:00+00:00,10.1,9.7,9.8
2022-05-02 00:00:00+00:00,10.7,9.9,10.2
2022-05-03 00:00:00+00:00,10.2,9.9,10.0
2022-05-04 00:00:00+00:00,10.6,10.2,10.4
2022-05-05 00:00:00+00:00,10.9,10.4,10.6
2022-05-06 00:00:00+00:00,11.3,10.6,10.9
2022-05-07 00:00:00+00:00,11.1,10.9,11.0
2022-05-08 00:00:00+00:00,10.9,10.6,10.7
2022-05-09 00:00:00+00:00,10.9,10.8,10.8
2022-05-10 00:00:00+00:00,11.2,10.9,11.0
2022-05-11 00:00:00+00:00,11.5,11.0,11.3
2022-05-12 00:00:00+00:00,11.4,11.0,11.2
2022-05-13 00:00:00+00:00,11.2,10.8,11.0
2022-05-14 00:00:00+00:00,11.4,10.7,10.9
2022-05-15 00:00:00+00:00,11.3,11.0,11.2
2022-05-16 00:00:00+00:00,11.5,11.1,11.3
2022-05-17 00:00:00+00:00,11.8,11.2,11.4
2022-05-18 00:00:00+00:00,11.7,11.4,11.6
2022-05-19 00:00:00+00:00,11.5,11.1,11.3
2022-05-20 00:00:00+00:00,11.2,10.7,11.0
2022-05-21 00:00:00+00:00,11.7,10.8,11.1
2022-05-22 00:00:00+00:00,11.9,11.2,11.4
2022-05-23 00:00:00+00:00,12.2,11.5,11.7
2022-05-24 00:00:00+00:00,12.4,11.9,12.1
2022-05-25 00:00:00+00:00,12.6,12.1,12.3
2022-05-26 00:00:00+00:00,13.1,12.4,12.6
2022-05-27 00:00:00+00:00,12.8,12.6,12.7
2022-05-28 00:00:00+00:00,12.6,12.4,12.5
2022-05-29 00:00:00+00:00,12.6,12.0,12.3
2022-05-30 00:00:00+00:00,12.1,11.9,12.0
2022-05-31 00:00:00+00:00,12.4,11.7,11.9
2022-06-01 00:00:00+00:00,12.8,12.1,12.4
2022-06-02 00:00:00+00:00,13.3,12.6,12.9
2022-06-03 00:00:00+00:00,13.4,13.1,13.2
2022-06-04 00:00:00+00:00,13.8,13.3,13.4
2022-06-05 00:00:00+00:00,13.4,13.0,13.2
2022-06-06 00:00:00+00:00,13.5,12.9,13.1
2022-06-07 00:00:00+00:00,13.8,12.9,13.2
2022-06-08 00:00:00+00:00,13.8,13.2,13.5
2022-06-09 00:00:00+00:00,14.0,13.5,13.7
2022-06-10 00:00:00+00:00,13.8,13.6,13.7
2022-06-11 00:00:00+00:00,13.8,13.3,13.5
2022-06-12 00:00:00+00:00,13.4,13.1,13.2
2022-06-13 00:00:00+00:00,13.2,12.8,13.0
2022-06-14 00:00:00+00:00,13.2,12.7,12.9
2022-06-15 00:00:00+00:00,13.7,12.9,13.2
2022-06-16 00:00:00+00:00,13.5,13.2,13.3
2022-06-17 00:00:00+00:00,13.6,13.1,13.3
2022-06-18 00:00:00+00:00,13.4,13.2,13.2
2022-06-19 00:00:00+00:00,13.3,12.9,13.1
2022-06-20 00:00:00+00:00,13.6,12.9,13.2
2022-06-21 00:00:00+00:00,14.2,13.2,13.7
2022-06-22 00:00:00+00:00,14.6,13.9,14.2
2022-06-23 00:00:00+00:00,15.5,14.4,14.7
2022-06-24 00:00:00+00:00,15.4,14.6,15.0
2022-06-25 00:00:00+00:00,15.7,14.8,15.2
2022-06-26 00:00:00+00:00,16.0,15.1,15.5
2022-06-27 00:00:00+00:00,16.1,15.3,15.7
2022-06-28 00:00:00+00:00,16.0,15.6,15.8
2022-06-29 00:00:00+00:00,16.4,15.6,15.8
2022-06-30 00:00:00+00:00,16.4,15.7,16.0
2022-07-01 00:00:00+00:00,17.0,16.0,16.2
2022-07-02 00:00:00+00:00,16.8,16.4,16.5
2022-07-03 00:00:00+00:00,17.2,16.7,16.8
2022-07-04 00:00:00+00:00,17.0,16.7,16.8
2022-07-05 00:00:00+00:00,17.4,16.8,17.1
2022-07-06 00:00:00+00:00,17.3,17.1,17.1
2022-07-07 00:00:00+00:00,17.2,16.8,17.0
2022-07-08 00:00:00+00:00,17.2,16.9,17.0
2022-07-09 00:00:00+00:00,17.4,17.1,17.2
2022-07-10 00:00:00+00:00,17.8,17.2,17.3
2022-07-11 00:00:00+00:00,17.9,17.1,17.5
2022-07-12 00:00:00+00:00,18.3,17.4,17.7
2022-07-13 00:00:00+00:00,18.2,17.7,17.8
2022-07-14 00:00:00+00:00,18.1,17.9,18.0
2022-07-15 00:00:00+00:00,18.4,18.0,18.1
2022-07-16 00:00:00+00:00,18.6,18.2,18.4
2022-07-17 00:00:00+00:00,18.7,18.4,18.5
2022-07-18 00:00:00+00:00,19.1,18.5,18.8
2022-07-19 00:00:00+00:00,19.3,18.8,18.9
2022-07-20 00:00:00+00:00,19.3,18.8,19.0
2022-07-21 00:00:00+00:00,19.6,19.0,19.3
2022-07-22 00:00:00+00:00,19.7,19.4,19.6
2022-07-23 00:00:00+00:00,19.8,19.6,19.7
2022-07-24 00:00:00+00:00,20.3,19.7,19.9
2022-07-25 00:00:00+00:00,20.3,19.9,20.0
2022-07-26 00:00:00+00:00,20.5,19.9,20.2
2022-07-27 00:00:00+00:00,20.7,20.2,20.4
2022-07-28 00:00:00+00:00,20.9,20.4,20.6
2022-07-29 00:00:00+00:00,21.2,20.6,20.9
2022-07-30 00:00:00+00:00,21.4,20.8,21.1
2022-07-31 00:00:00+00:00,21.4,21.1,21.2
2022-08-01 00:00:00+00:00,21.5,21.1,21.3
2022-08-02 00:00:00+00:00,21.2,20.9,21.1
2022-08-03 00:00:00+00:00,21.0,20.7,21.0
2022-08-04 00:00:00+00:00,20.9,20.7,20.8
2022-08-05 00:00:00+00:00,21.2,20.8,20.9
2022-08-06 00:00:00+00:00,21.3,20.7,20.8
2022-08-07 00:00:00+00:00,20.8,20.5,20.6
2022-08-08 00:00:00+00:00,21.2,20.5,20.7
2022-08-09 00:00:00+00:00,21.2,20.7,20.8
2022-08-10 00:00:00+00:00,21.2,20.9,21.0
2022-08-11 00:00:00+00:00,21.2,20.9,21.0
2022-08-12 00:00:00+00:00,21.2,20.8,20.9
2022-08-13 00:00:00+00:00,21.1,20.7,20.9
2022-08-14 00:00:00+00:00,21.0,20.9,21.0
2022-08-15 00:00:00+00:00,21.1,20.8,20.9
2022-08-16 00:00:00+00:00,21.2,20.8,20.9
2022-08-17 00:00:00+00:00,21.3,20.7,20.9
2022-08-18 00:00:00+00:00,21.2,20.8,21.0
2022-08-19 00:00:00+00:00,21.4,21.1,21.3
2022-08-20 00:00:00+00:00,21.4,21.2,21.3
2022-08-21 00:00:00+00:00,21.4,21.3,21.4
2022-08-22 00:00:00+00:00,21.8,21.3,21.4
2022-08-23 00:00:00+00:00,22.2,21.4,21.7
2022-08-24 00:00:00+00:00,22.2,21.7,21.9
2022-08-25 00:00:00+00:00,22.2,21.7,22.0
2022-08-26 00:00:00+00:00,22.2,21.7,21.9
2022-08-27 00:00:00+00:00,21.8,21.7,21.7
2022-08-28 00:00:00+00:00,21.8,21.5,21.6
2022-08-29 00:00:00+00:00,21.8,21.5,21.6
2022-08-30 00:00:00+00:00,22.0,21.4,21.6
2022-08-31 00:00:00+00:00,21.5,21.3,21.4
2022-09-01 00:00:00+00:00,21.6,21.3,21.4
2022-09-02 00:00:00+00:00,22.0,21.3,21.6
2022-09-03 00:00:00+00:00,21.6,21.4,21.5
2022-09-04 00:00:00+00:00,21.5,21.4,21.4
2022-09-05 00:00:00+00:00,21.5,21.4,21.5
